code,name,city,country,region,latitude,longitude
AAC,El Arish International Airport,El Arish,Egypt,Africa,31.0553,33.8280
AAE,Annaba Rabah Bitat Airport,Annaba,Algeria,Africa,36.8268,7.8133
AAL,Aalborg Airport,Aalborg,Denmark,Europe,57.0948,9.8499
AAN,Al Ain International Airport,Al Ain,United Arab Emirates,Asia,24.2617,55.6092
AAR,Aarhus Airport,Aarhus,Denmark,Europe,56.3033,10.6183
ABA,Abakan International Airport,Abakan,Russia,Europe,53.7400,91.3850
ABB,Asaba International Airport,Asaba,Nigeria,Africa,6.2042,6.6653
ABD,Abadan Ayatollah Jami International Airport,Abadan,Iran,Asia,30.3679,48.2301
ABJ,Félix-Houphouët-Boigny International Airport,Abidjan,Côte d'Ivoire,Africa,5.2614,-3.9263
ABQ,Albuquerque International Sunport,Albuquerque,United States,North America,35.0400,-106.6089
ABV,Nnamdi Azikiwe International Airport,Abuja,Nigeria,Africa,9.0068,7.2632
ABZ,Aberdeen International Airport,Aberdeen,United Kingdom,Europe,57.2019,-2.1978
ACA,General Juan N. Álvarez International Airport,Acapulco,Mexico,North America,16.7571,-99.7531
ACC,Kotoka International Airport,Accra,Ghana,Africa,5.6052,-0.1668
ACE,César Manrique-Lanzarote Airport,San Bartolomé,Spain,Europe,28.9455,-13.6052
ADA,Adana Şakirpaşa Airport,Seyhan,Turkey,Asia,36.9822,35.2804
ADB,Adnan Menderes International Airport,Gaziemir,Turkey,Asia,38.2924,27.1570
ADD,Addis Ababa Bole International Airport,Addis Ababa,Ethiopia,Africa,8.9779,38.7993
ADE,Aden International Airport,Aden,Yemen,Asia,12.8296,45.0300
ADJ,Marka International (Amman Civil) Airport,Amman,Jordan,Asia,31.9727,35.9916
ADL,Adelaide International Airport,Adelaide,Australia,Oceania,-34.9475,138.5334
ADZ,Gustavo Rojas Pinilla International Airport,San Andrés,Colombia,South America,12.5836,-81.7112
AEP,Aeroparque Jorge Newbery,Buenos Aires,Argentina,South America,-34.5594,-58.4155
AER,Sochi International Airport,Sochi,Russia,Europe,43.4499,39.9566
AES,Ålesund Airport,Ålesund,Norway,Europe,62.5604,6.1108
AEY,Akureyri International Airport,Akureyri,Iceland,Europe,65.6566,-18.0720
AGA,Al Massira Airport,Agadir (Temsia),Morocco,Africa,30.3225,-9.4120
AGP,Málaga-Costa del Sol Airport,Málaga,Spain,Europe,36.6749,-4.4991
AGT,Guaraní International Airport,Ciudad del Este,Paraguay,South America,-25.4572,-54.8395
AGU,Aguascalientes International Airport,Aguascalientes,Mexico,North America,21.6996,-102.3184
AHB,Abha International Airport,Abha,Saudi Arabia,Asia,18.2404,42.6566
AJF,Al-Jawf International Airport,Al-Jawf,Saudi Arabia,Asia,29.7833,40.1009
AKL,Auckland International Airport,Auckland,New Zealand,Oceania,-37.0120,174.7863
AKX,Aktobe International Airport,Aktobe,Kazakhstan,Asia,50.2481,57.2041
ALA,Almaty International Airport,Almaty,Kazakhstan,Asia,43.3543,77.0428
ALB,Albany International Airport,Albany,United States,North America,42.7483,-73.8017
ALC,Alicante-Elche Miguel Hernández Airport,Alicante,Spain,Europe,38.2822,-0.5582
ALG,Houari Boumediene Airport,Algiers,Algeria,Africa,36.6939,3.2145
ALP,Aleppo International Airport,Aleppo,Syria,Asia,36.1813,37.2269
AMD,Sardar Vallabh Patel International Airport,Ahmedabad,India,Asia,23.0772,72.6347
AMM,Queen Alia International Airport,Amman,Jordan,Asia,31.7226,35.9932
AMQ,Pattimura International Airport,Ambon,Indonesia,Asia,-3.7103,128.0890
AMS,Amsterdam Airport Schiphol,Amsterdam,Netherlands,Europe,52.3086,4.7639
ANC,Ted Stevens Anchorage International Airport,Anchorage,United States,North America,61.1790,-149.9926
ANF,Andrés Sabella Gálvez International Airport,Antofagasta,Chile,South America,-23.4453,-70.4452
ANU,V. C. Bird International Airport,Osbourn,Antigua and Barbuda,North America,17.1367,-61.7927
AOE,Hasan Polatkan Airport,Eskişehir,Turkey,Asia,39.8116,30.5193
AOJ,Aomori Airport,Aomori,Japan,Asia,40.7338,140.6895
APL,Nampula Airport,Nampula,Mozambique,Africa,-15.1056,39.2818
APW,Faleolo International Airport,Apia,Samoa,Oceania,-13.8300,-172.0080
AQI,Qaisumah–Hafar Al-Batin International Airport,Qaisumah,Saudi Arabia,Asia,28.3357,46.1271
AQJ,King Hussein International Airport,Aqaba,Jordan,Asia,29.6116,35.0181
AQP,Rodríguez Ballón International Airport,Arequipa,Peru,South America,-16.3408,-71.5695
ARN,Stockholm-Arlanda Airport,Stockholm,Sweden,Europe,59.6485,17.9288
ASB,Ashgabat International Airport,Ashgabat,Turkmenistan,Asia,37.9868,58.3610
ASF,Astrakhan Narimanovo Boris M. Kustodiev International Airport,Astrakhan,Russia,Europe,46.2828,48.0105
ASK,Yamoussoukro International Airport,Yamoussoukro,Côte d'Ivoire,Africa,6.9032,-5.3656
ASR,Kayseri Erkilet International Airport,Kayseri,Turkey,Asia,38.7704,35.4954
ASU,Silvio Pettirossi International Airport,Asunción,Paraguay,South America,-25.2402,-57.5192
ASW,Aswan International Airport,Aswan,Egypt,Africa,23.9611,32.8204
ATH,Athens Eleftherios Venizelos International Airport,Spata-Artemida,Greece,Europe,37.9364,23.9445
ATL,Hartsfield Jackson Atlanta International Airport,Atlanta,United States,North America,33.6367,-84.4281
ATQ,Sri Guru Ram Das Ji International Airport,Amritsar,India,Asia,31.7096,74.7973
ATZ,Asyut International Airport,Asyut,Egypt,Africa,27.0460,31.0128
AUA,Queen Beatrix International Airport,Oranjestad,Aruba,North America,12.5011,-70.0143
AUH,Zayed International Airport,Abu Dhabi,United Arab Emirates,Asia,24.4410,54.6492
AUS,Austin Bergstrom International Airport,Austin,United States,North America,30.1975,-97.6620
AVV,Melbourne Avalon International Airport,Geelong/Melbourne,Australia,Oceania,-38.0403,144.4672
AWA,Hawassa International Airport,Hawassa,Ethiopia,Africa,7.1006,38.3965
AWZ,Qasem Soleimani International Airport,Ahvaz,Iran,Asia,31.3364,48.7638
AYT,Antalya International Airport,Antalya,Turkey,Asia,36.8987,30.8005
AZI,Al Bateen Executive Airport,Abu Dhabi,United Arab Emirates,Asia,24.4271,54.4599
BAH,Bahrain International Airport,Manama,Bahrain,Asia,26.2673,50.6376
BAQ,Ernesto Cortissoz International Airport,Barranquilla,Colombia,South America,10.8896,-74.7808
BAV,Baotou Donghe International Airport,Baotou,China,Asia,40.5600,109.9970
BAX,Barnaul Gherman Titov International Airport,Barnaul,Russia,Europe,53.3613,83.5397
BBI,Biju Patnaik International Airport,Bhubaneswar,India,Asia,20.2510,85.8147
BBK,Kasane International Airport,Kasane,Botswana,Africa,-17.8317,25.1662
BBU,Bucharest Băneasa Aurel Vlaicu International Airport,Bucharest,Romania,Europe,44.5031,26.1029
BCD,Bacolod-Silay International Airport,Bacolod City,Philippines,Asia,10.7762,123.0189
BCM,Bacău George Enescu International  Airport,Bacău,Romania,Europe,46.5219,26.9103
BCN,Josep Tarradellas Barcelona-El Prat Airport,Barcelona,Spain,Europe,41.2971,2.0785
BCU,Sir Abubakar Tafawa Balewa Bauchi State International Airport,Bauchi,Nigeria,Africa,10.4828,9.7440
BDA,L.F. Wade International Airport,Hamilton,Bermuda,North America,32.3638,-64.6782
BDJ,Syamsudin Noor International Airport,Banjarbaru,Indonesia,Asia,-3.4401,114.7612
BDL,Bradley International Airport,Hartford,United States,North America,41.9386,-72.6880
BDQ,Vadodara International Airport,Vadodara,India,Asia,22.3362,73.2263
BDS,Brindisi Airport,Brindisi,Italy,Europe,40.6576,17.9470
BEG,Belgrade Nikola Tesla Airport,Belgrade,Serbia,Europe,44.8184,20.3091
BEL,Val de Cans/Júlio Cezar Ribeiro International Airport,Belém,Brazil,South America,-1.3793,-48.4762
BEM,Beni Mellal Airport,Oulad Yaich,Morocco,Africa,32.4019,-6.3159
BEN,Benina International Airport,Benina,Libya,Africa,32.0968,20.2695
BER,Berlin Brandenburg Airport,Berlin,Germany,Europe,52.3617,13.5023
BES,Brest Bretagne airport,Brest,France,Europe,48.4479,-4.4185
BEW,Beira International Airport,Beira,Mozambique,Africa,-19.7964,34.9076
BEY,Beirut Rafic Hariri International Airport,Beirut,Lebanon,Asia,33.8198,35.4874
BFN,Bram Fischer International Airport,Bloemfontein,South Africa,Africa,-29.0927,26.3024
BFS,Belfast International Airport,Belfast,United Kingdom,Europe,54.6575,-6.2158
BGF,Bangui M'Poko International Airport,Bangui,Central African Republic,Africa,4.3985,18.5188
BGI,Grantley Adams International Airport,Bridgetown,Barbados,North America,13.0747,-59.4910
BGO,"Bergen Airport, Flesland",Bergen,Norway,Europe,60.2934,5.2181
BGW,Baghdad International Airport / New Al Muthana Air Base,Baghdad,Iraq,Asia,33.2625,44.2346
BGY,Il Caravaggio International Airport,Orio al Serio (BG),Italy,Europe,45.6694,9.7089
BHK,Bukhara International Airport,Bukhara,Uzbekistan,Asia,39.7753,64.4823
BHM,Birmingham-Shuttlesworth International Airport,Birmingham,United States,North America,33.5629,-86.7507
BHO,Raja Bhoj International Airport,Bhopal,India,Asia,23.2875,77.3374
BHX,Birmingham Airport,"Birmingham, West Midlands",United Kingdom,Europe,52.4539,-1.7480
BIA,Bastia-Poretta International airport,Bastia,France,Europe,42.5527,9.4837
BIO,Bilbao Airport,Bilbao,Spain,Europe,43.3011,-2.9106
BJA,Soummam–Abane Ramdane Airport,Béjaïa,Algeria,Africa,36.7125,5.0699
BJL,Banjul International Airport,Banjul (Yundum),Gambia,Africa,13.3380,-16.6522
BJM,Bujumbura Melchior Ndadaye International Airport,Bujumbura,Burundi,Africa,-3.3240,29.3185
BJV,Milas Bodrum International Airport,Bodrum,Turkey,Asia,37.2493,27.6640
BJX,Guanajuato International Airport,Silao,Mexico,North America,20.9927,-101.4803
BKI,Kota Kinabalu International Airport,Kota Kinabalu,Malaysia,Asia,5.9327,116.0493
BKK,Suvarnabhumi Airport,Bangkok,Thailand,Asia,13.6811,100.7470
BKN,Balkanabat International Airport,Balkanabat,Turkmenistan,Asia,39.6811,54.2060
BKO,Modibo Keita International Airport,Bamako,Mali,Africa,12.5335,-7.9499
BLA,General José Antonio Anzoategui International Airport,Barcelona,Venezuela,South America,10.1111,-64.6922
BLJ,Batna Mostefa Ben Boulaid Airport,Batna,Algeria,Africa,35.7521,6.3086
BLL,Billund Airport,Billund,Denmark,Europe,55.7403,9.1570
BLQ,Bologna Guglielmo Marconi Airport,Bologna,Italy,Europe,44.5354,11.2887
BLR,Kempegowda International Airport Bengaluru,Bengaluru,India,Asia,13.1979,77.7063
BLZ,Chileka International Airport,Blantyre,Malawi,Africa,-15.6772,34.9723
BME,Broome International Airport,Broome,Australia,Oceania,-17.9492,122.2283
BNA,Nashville International Airport,Nashville,United States,North America,36.1245,-86.6782
BND,Bandar Abbas International Airport,Bandar Abbas,Iran,Asia,27.2183,56.3778
BNE,Brisbane International Airport,Brisbane,Australia,Oceania,-27.3842,153.1170
BNX,Banja Luka International Airport,Mahovljani,Bosnia and Herzegovina,Europe,44.9414,17.2975
BOD,Bordeaux–Mérignac Airport,Bordeaux,France,Europe,44.8287,-0.7154
BOG,El Dorado International Airport,Bogota,Colombia,South America,4.7016,-74.1469
BOI,Boise Air Terminal/Gowen Field,Boise,United States,North America,43.5644,-116.2230
BOJ,Burgas Airport,Burgas,Bulgaria,Europe,42.5699,27.5152
BOM,Chhatrapati Shivaji Maharaj International Airport,Mumbai,India,Asia,19.0887,72.8679
BON,Flamingo International Airport,Kralendijk,Caribbean Netherlands,North America,12.1310,-68.2685
BOO,Bodø Airport,Bodø,Norway,Europe,67.2692,14.3653
BOS,Boston Logan International Airport,Boston,United States,North America,42.3620,-71.0079
BOY,Bobo Dioulasso Airport,Bobo Dioulasso,Burkina Faso,Africa,11.1601,-4.3310
BPN,Sultan Aji Muhammad Sulaiman Sepinggan International Airport,Balikpapan,Indonesia,Asia,-1.2683,116.8945
BPS,Porto Seguro International Airport,Porto Seguro,Brazil,South America,-16.4384,-39.0806
BQT,Brest International Airport,Brest,Belarus,Europe,52.1081,23.8968
BRC,Teniente Luis Candelaria International Airport,San Carlos de Bariloche,Argentina,South America,-41.1512,-71.1575
BRE,Bremen Airport,Bremen,Germany,Europe,53.0468,8.7893
BRI,Bari Karol Wojtyła International Airport,Bari,Italy,Europe,41.1389,16.7606
BRM,Jacinto Lara International Airport,Barquisimeto,Venezuela,South America,10.0427,-69.3586
BRS,Bristol Airport,Bristol,United Kingdom,Europe,51.3823,-2.7165
BRU,Brussels Airport,Zaventem,Belgium,Europe,50.9014,4.4844
BSA,Bender Qassim International Airport,Bosaso,Somalia,Africa,11.2752,49.1392
BSB,Presidente Juscelino Kubitschek International Airport,Brasília,Brazil,South America,-15.8692,-47.9208
BSG,Bata International Airport,Bata,Equatorial Guinea,Africa,1.9055,9.8057
BSK,Biskra - Mohamed Khider Airport,Biskra,Algeria,Africa,34.7932,5.7389
BSL,EuroAirport Basel–Mulhouse–Freiburg,Bâle / Mulhouse,France,Europe,47.6007,7.5211
BSR,Basra International Airport,Basra,Iraq,Asia,30.5491,47.6621
BSZ,Manas International Airport,Bishkek,Kyrgyzstan,Asia,43.0613,74.4776
BTH,Hang Nadim International Airport,Batam,Indonesia,Asia,1.1210,104.1190
BTJ,Sultan Iskandar Muda International Airport,Banda Aceh,Indonesia,Asia,5.5251,95.4200
BTS,M. R. Štefánik Airport,Bratislava,Slovakia,Europe,48.1702,17.2127
BUD,Budapest Liszt Ferenc International Airport,Budapest,Hungary,Europe,47.4302,19.2624
BUF,Buffalo Niagara International Airport,Buffalo,United States,North America,42.9405,-78.7322
BUQ,Joshua Mqabuko Nkomo International Airport,Bulawayo,Zimbabwe,Africa,-20.0163,28.6229
BUR,Hollywood Burbank/Bob Hope Airport,Burbank,United States,North America,34.2028,-118.3581
BUS,Alexander Kartveli Batumi International Airport,Batumi,Georgia,Asia,41.6094,41.6003
BVA,Beauvais-Tillé airport,Beauvais,France,Europe,49.4544,2.1128
BVB,Atlas Brasil Cantanhede International Airport,Boa Vista,Brazil,South America,2.8462,-60.6906
BVC,Aristides Pereira International Airport,Rabil,Cape Verde,Africa,16.1365,-22.8889
BWA,Gautam Buddha International Airport,Siddharthanagar (Bhairahawa),Nepal,Asia,27.5046,83.4104
BWI,Baltimore/Washington International Thurgood Marshall Airport,Baltimore,United States,North America,39.1754,-76.6683
BWN,Brunei International Airport,Bandar Seri Begawan,Brunei,Asia,4.9442,114.9280
BXY,Baikonur Krayniy International Airport,Baikonur,Kazakhstan,Asia,45.6220,63.2108
BZE,Philip S. W. Goldson International Airport,Belize City,Belize,North America,17.5400,-88.3036
BZV,Maya-Maya International Airport,Brazzaville,Republic of the Congo,Africa,-4.2517,15.2530
CAG,Cagliari Elmas Airport,Cagliari,Italy,Europe,39.2515,9.0543
CAI,Cairo International Airport,Cairo,Egypt,Africa,30.1115,31.3967
CAN,Guangzhou Baiyun International Airport,Guangzhou (Huadu),China,Asia,23.3924,113.2990
CAP,Cap Haitien International Airport,Cap Haitien,Haiti,North America,19.7255,-72.2007
CAY,Cayenne – Félix Eboué Airport,Matoury,French Guiana,South America,4.8200,-52.3613
CBB,Jorge Wilsterman International Airport,Cochabamba,Bolivia,South America,-17.4211,-66.1771
CCJ,Calicut International Airport,Calicut,India,Asia,11.1360,75.9552
CCK,Cocos (Keeling) Islands Airport,West Island,Cocos (Keeling) Islands,Asia,-12.1922,96.8341
CCP,Carriel Sur International Airport,Concepcion,Chile,South America,-36.7724,-73.0628
CCS,Maiquetía Simón Bolívar International Airport,Maiquetía,Venezuela,South America,10.6022,-66.9912
CCU,Netaji Subhash Chandra Bose International Airport,Kolkata,India,Asia,22.6540,88.4476
CDG,Charles de Gaulle International Airport,"Paris (Roissy-en-France, Val-d'Oise)",France,Europe,49.0090,2.5541
CEB,Mactan Cebu International Airport,Cebu City/Lapu-Lapu City,Philippines,Asia,10.3093,123.9797
CEI,Mae Fah Luang - Chiang Rai International Airport,Chiang Rai,Thailand,Asia,19.9523,99.8829
CEK,Kurchatov Chelyabinsk International Airport,Chelyabinsk,Russia,Europe,55.3031,61.5049
CFE,Clermont-Ferrand Auvergne airport,Clermont-Ferrand,France,Europe,45.7867,3.1692
CFK,Chlef Aboubakr Belkaid International Airport,Chlef,Algeria,Africa,36.2166,1.3411
CFU,Corfu Ioannis Kapodistrias International Airport,Kerkyra (Corfu),Greece,Europe,39.6014,19.9122
CGB,Várzea Grande–Marechal Rondon International Airport,Cuiabá,Brazil,South America,-15.6529,-56.1167
CGH,Congonhas–Deputado Freitas Nobre Airport,São Paulo,Brazil,South America,-23.6277,-46.6546
CGK,Soekarno-Hatta International Airport,Jakarta,Indonesia,Asia,-6.1256,106.6560
CGN,Cologne Bonn Airport,Köln (Cologne),Germany,Europe,50.8659,7.1427
CGO,Zhengzhou Xinzheng International Airport,Zhengzhou,China,Asia,34.5265,113.8492
CGP,Shah Amanat International Airport,Chattogram (Chittagong),Bangladesh,Asia,22.2496,91.8133
CGQ,Changchun Longjia International Airport,Changchun,China,Asia,43.9962,125.6850
CGY,Laguindingan International Airport,Laguindingan,Philippines,Asia,8.6122,124.4565
CHC,Christchurch International Airport,Christchurch,New Zealand,Oceania,-43.4890,172.5321
CHQ,Chania International Airport,Souda,Greece,Europe,35.5312,24.1507
CHS,Charleston International Airport,Charleston,United States,North America,32.8962,-80.0382
CIA,Ciampino–G. B. Pastine International Airport,Rome,Italy,Europe,41.7988,12.5953
CIT,Shymkent International Airport,Shymkent,Kazakhstan,Asia,42.3650,69.4756
CIX,Capitán FAP José A. Quiñones González International Airport,Chiclayo,Peru,South America,-6.7892,-79.8283
CJB,Coimbatore International Airport,Coimbatore,India,Asia,11.0300,77.0434
CJJ,Cheongju International Airport/Cheongju Air Base (K-59/G-513),Cheongju,South Korea,Asia,36.7156,127.5003
CJS,Abraham González International Airport,Ciudad Juárez,Mexico,North America,31.6367,-106.4285
CJU,Jeju International Airport,Jeju City,South Korea,Asia,33.5121,126.4925
CKG,Chongqing Jiangbei International Airport,Chongqing,China,Asia,29.7123,106.6519
CKY,Ahmed Sékou Touré International Airport,Conakry,Guinea,Africa,9.5769,-13.6120
CLE,Cleveland Hopkins International Airport,Cleveland,United States,North America,41.4117,-81.8498
CLJ,Avram Iancu Cluj International Airport,Cluj-Napoca,Romania,Europe,46.7860,23.6857
CLO,Alfonso Bonilla Aragon International Airport,Cali,Colombia,South America,3.5427,-76.3819
CLT,Charlotte Douglas International Airport,Charlotte,United States,North America,35.2140,-80.9431
CMB,Bandaranaike International Colombo Airport,Colombo,Sri Lanka,Asia,7.1808,79.8841
CMH,John Glenn Columbus International Airport,Columbus,United States,North America,39.9980,-82.8919
CMN,Mohammed V International Airport,Casablanca,Morocco,Africa,33.3675,-7.5900
CMW,Ignacio Agramonte International Airport,Camaguey,Cuba,North America,21.4199,-77.8480
CND,Mihail Kogălniceanu International Airport,Constanța,Romania,Europe,44.3622,28.4883
CNF,Tancredo Neves International Airport,Belo Horizonte,Brazil,South America,-19.6357,-43.9669
CNN,Kannur International Airport,Kannur,India,Asia,11.9163,75.5450
CNS,Cairns International Airport,Cairns,Australia,Oceania,-16.8789,145.7495
CNX,Chiang Mai International Airport,Chiang Mai,Thailand,Asia,18.7668,98.9626
COK,Cochin International Airport,Kochi,India,Asia,10.1510,76.4008
COO,Cotonou Cadjehoun International Airport,Cotonou,Benin,Africa,6.3572,2.3843
COR,Ingeniero Aeronáutico Ambrosio L.V. Taravella International Airport,Cordoba,Argentina,South America,-31.3123,-64.2083
COS,City of Colorado Springs Municipal Airport,Colorado Springs,United States,North America,38.8058,-104.7010
COV,Çukurova International Airport,Tarsus,Turkey,Asia,36.8915,35.0712
CPH,Copenhagen Kastrup Airport,Copenhagen,Denmark,Europe,55.6179,12.6560
CPT,Cape Town International Airport,Cape Town,South Africa,Africa,-33.9740,18.6043
CRA,Craiova International Airport,Craiova,Romania,Europe,44.3181,23.8886
CRD,General Enrique Mosconi International Airport,Comodoro Rivadavia,Argentina,South America,-45.7869,-67.4634
CRK,Clark International Airport / Clark Air Base,Mabalacat,Philippines,Asia,15.1860,120.5600
CRL,Brussels South Charleroi Airport,Charleroi,Belgium,Europe,50.4620,4.4596
CRZ,Türkmenabat International Airport,Türkmenabat,Turkmenistan,Asia,38.9307,63.5640
CSX,Changsha Huanghua International Airport,Changsha (Changsha),China,Asia,28.1892,113.2200
CTA,Catania-Fontanarossa Airport,Catania,Italy,Europe,37.4668,15.0664
CTG,Rafael Nuñez International Airport,Cartagena,Colombia,South America,10.4424,-75.5130
CTS,New Chitose Airport,Sapporo,Japan,Asia,42.7748,141.6904
CTU,Chengdu Shuangliu International Airport,Chengdu (Shuangliu),China,Asia,30.5583,103.9460
CUL,Bachigualato Federal International Airport,Culiacán,Mexico,North America,24.7650,-107.4752
CUN,Cancún International Airport,Cancún,Mexico,North America,21.0408,-86.8735
CUR,Hato International Airport,Willemstad,Curaçao,North America,12.1889,-68.9598
CUU,General Roberto Fierro Villalobos International Airport,Chihuahua,Mexico,North America,28.7026,-105.9638
CUZ,Alejandro Velasco Astete International Airport,Cusco,Peru,South America,-13.5357,-71.9388
CVG,Cincinnati Northern Kentucky International Airport,Cincinnati / Covington,United States,North America,39.0488,-84.6678
CWB,Curitiba-Afonso Pena International Airport,Curitiba,Brazil,South America,-25.5285,-49.1758
CWL,Cardiff International Airport,Cardiff,United Kingdom,Europe,51.3967,-3.3433
CXI,Cassidy International Airport,Kiritimati,Kiribati,Oceania,1.9863,-157.3500
CXR,Cam Ranh International Airport / Cam Ranh Air Base,Nha Trang/nha Trang aiurportCam Ranh,Vietnam,Asia,11.9982,109.2190
CZL,Mohamed Boudiaf International Airport,Constantine,Algeria,Africa,36.2760,6.6204
CZM,Cozumel International Airport,Cozumel,Mexico,North America,20.5149,-86.9285
DAC,Hazrat Shahjalal International Airport,Dhaka,Bangladesh,Asia,23.8433,90.3978
DAD,Da Nang International Airport,Da Nang,Vietnam,Asia,16.0439,108.1990
DAL,Dallas Love Field,Dallas,United States,North America,32.8448,-96.8477
DAM,Damascus International Airport,Damascus,Syria,Asia,33.4115,36.5156
DAR,Julius Nyerere International Airport,Dar es Salaam,Tanzania,Africa,-6.8735,39.2073
DAT,Datong Yungang International Airport,Datong,China,Asia,40.0614,113.4805
DBB,El Alamein International Airport,El Alamein,Egypt,Africa,30.9243,28.4616
DBV,Dubrovnik Ruđer Bošković Airport,Dubrovnik,Croatia,Europe,42.5622,18.2655
DCA,Ronald Reagan Washington National Airport,Washington,United States,North America,38.8521,-77.0377
DEB,Debrecen International Airport,Debrecen,Hungary,Europe,47.4895,21.6163
DEL,Indira Gandhi International Airport,New Delhi,India,Asia,28.5556,77.0952
DEN,Denver International Airport,Denver,United States,North America,39.8600,-104.6738
DFW,Dallas Fort Worth International Airport,Dallas-Fort Worth,United States,North America,32.8968,-97.0380
DHA,King Abdulaziz Air Base,Dhahran,Saudi Arabia,Asia,26.2654,50.1520
DIA,Doha International Airport,Doha,Qatar,Asia,25.2594,51.5655
DIL,Presidente Nicolau Lobato International Airport,Dili,Timor-Leste,Asia,-8.5466,125.5245
DIR,Aba Tenna Dejazmach Yilma International Airport,Dire Dawa,Ethiopia,Africa,9.6235,41.8550
DJE,Djerba Zarzis International Airport,Mellita,Tunisia,Africa,33.8737,10.7773
DJG,Tiska Djanet Airport,Djanet,Algeria,Africa,24.2854,9.4637
DJJ,Dortheys Hiyo Eluay International Airport,Sentani,Indonesia,Asia,-2.5796,140.5199
DKR,Léopold Sédar Senghor International Airport,Dakar,Senegal,Africa,14.7423,-17.4792
DLA,Douala International Airport,Douala,Cameroon,Africa,4.0061,9.7195
DLC,Dalian Zhoushuizi International Airport,Dalian (Ganjingzi),China,Asia,38.9657,121.5385
DLM,Dalaman International Airport,Dalaman,Turkey,Asia,36.7131,28.7925
DMB,Taraz International Airport,Taraz,Kazakhstan,Asia,42.8536,71.3036
DME,Domodedovo International Airport,Moscow,Russia,Europe,55.4088,37.9063
DMK,Don Mueang International Airport,Bangkok,Thailand,Asia,13.9126,100.6070
DMM,King Fahd International Airport,Ad Dammam,Saudi Arabia,Asia,26.4691,49.7982
DNA,Kadena Air Base,Okinawa,Japan,Asia,26.3517,127.7694
DNH,Dunhuang Mogao International Airport,Dunhuang,China,Asia,40.1620,94.8128
DOH,Hamad International Airport,Doha,Qatar,Asia,25.2731,51.6081
DPS,Denpasar I Gusti Ngurah Rai International Airport,"Kuta, Badung",Indonesia,Asia,-8.7484,115.1671
DQM,Duqm International Airport,Duqm,Oman,Asia,19.5019,57.6342
DRP,Bicol International Airport,Legazpi,Philippines,Asia,13.1119,123.6768
DRS,Dresden Airport,Dresden,Germany,Europe,51.1341,13.7678
DRW,Darwin International Airport / RAAF Darwin,Darwin,Australia,Oceania,-12.4150,130.8818
DSM,Des Moines International Airport,Des Moines,United States,North America,41.5340,-93.6567
DSN,Ordos Ejin Horo International Airport,Ordos,China,Asia,39.4935,109.8599
DSS,Blaise Diagne International Airport,Dakar,Senegal,Africa,14.6709,-17.0728
DSY,Dara Sakor International Airport,Ta Noun,Cambodia,Asia,10.9142,103.2267
DTM,Dortmund Airport,Dortmund,Germany,Europe,51.5183,7.6122
DTW,Detroit Metropolitan Wayne County Airport,Detroit,United States,North America,42.2138,-83.3538
DUB,Dublin Airport,Dublin,Ireland,Europe,53.4287,-6.2621
DUR,King Shaka International Airport,Durban,South Africa,Africa,-29.6144,31.1197
DUS,Düsseldorf Airport,Düsseldorf,Germany,Europe,51.2895,6.7668
DVO,Francisco Bangoy International Airport,Davao,Philippines,Asia,7.1255,125.6460
DWC,Al Maktoum International Airport,Dubai(Jebel Ali),United Arab Emirates,Asia,24.8962,55.1624
DXB,Dubai International Airport,Dubai,United Arab Emirates,Asia,25.2498,55.3710
DXN,Noida International Airport,Gautam Buddha Nagar,India,Asia,28.1799,77.6118
DYG,Zhangjiajie Hehua International Airport,Zhangjiajie (Yongding),China,Asia,29.1047,110.4428
DYU,Dushanbe International Airport,Dushanbe,Tajikistan,Asia,38.5437,68.8230
DZA,Dzaoudzi Pamandzi International Airport,Dzaoudzi,Mayotte,Africa,-12.8093,45.2818
DZN,Zhezkazgan National Airport,Zhezkazgan,Kazakhstan,Asia,47.7090,67.7381
EBB,Entebbe International Airport,Entebbe,Uganda,Africa,0.0424,32.4435
EBL,Erbil International Airport,Arbil,Iraq,Asia,36.2360,43.9466
ECN,Ercan International Airport,Tymbou (Kirklar),Cyprus,Asia,35.1531,33.5074
EDI,Edinburgh Airport,Edinburgh,United Kingdom,Europe,55.9501,-3.3723
EDL,Eldoret International Airport,Eldoret,Kenya,Africa,0.4045,35.2389
EDO,Balıkesir Koca Seyit Airport,Edremit,Turkey,Asia,39.5525,27.0102
EES,Berenice International Airport / Banas Cape Air Base,Berenice Troglodytica,Egypt,Africa,23.9804,35.4603
EHU,Ezhou Huahu International Airport,Ezhou,China,Asia,30.3412,115.0393
EIN,Eindhoven Airport,Eindhoven,Netherlands,Europe,51.4501,5.3745
EIS,Terrance B. Lettsome International Airport,Beef Island,British Virgin Islands,North America,18.4455,-64.5417
ELP,El Paso International Airport,El Paso,United States,North America,31.8099,-106.3756
ELQ,Prince Naif bin Abdulaziz International Airport,Qassim,Saudi Arabia,Asia,26.3028,43.7744
ELS,King Phalo Airport,East London,South Africa,Africa,-33.0356,27.8259
EMA,East Midlands Airport,"Nottingham, Leicestershire",United Kingdom,Europe,52.8311,-1.3281
ENO,Teniente Ramon A. Ayub Gonzalez International Airport,Encarnación,Paraguay,South America,-27.2275,-55.8376
ENU,Akanu Ibiam International Airport,Enegu,Nigeria,Africa,6.4737,7.5605
ERF,Erfurt-Weimar Airport,Erfurt,Germany,Europe,50.9783,10.9607
ESB,Esenboğa International Airport,Ankara,Turkey,Asia,40.1281,32.9951
ESM,Carlos Concha Torres International Airport,Tachina,Ecuador,South America,0.9785,-79.6266
ETM,Ramon International Airport,Eilat,Israel,Asia,29.7270,35.0141
EUN,Laayoune Hassan I International Airport,El Aaiún,Western Sahara (disputed territory),Africa,27.1425,-13.2249
EVE,Harstad/Narvik Airport,Evenes,Norway,Europe,68.4913,16.6781
EVN,Zvartnots International Airport,Yerevan,Armenia,Asia,40.1489,44.3979
EWR,Newark Liberty International Airport,Newark,United States,North America,40.6894,-74.1705
EZE,Ezeiza International Airport - Ministro Pistarini,Buenos Aires (Ezeiza),Argentina,South America,-34.8222,-58.5358
FAE,Vágar Airport,Vágar,Faroe Islands,Europe,62.0633,-7.2758
FAO,Faro - Gago Coutinho International Airport,Faro,Portugal,Europe,37.0159,-7.9709
FAT,Fresno Yosemite International Airport,Fresno,United States,North America,36.7758,-119.7180
FBM,Lubumbashi International Airport,Lubumbashi,Democratic Republic of the Congo,Africa,-11.5915,27.5308
FCO,Rome–Fiumicino Leonardo da Vinci International Airport,Rome,Italy,Europe,41.8045,12.2520
FDF,Martinique Aimé Césaire International Airport,Fort-de-France,Martinique,North America,14.5910,-61.0032
FDH,Bodensee Airport Friedrichshafen,Friedrichshafen,Germany,Europe,47.6713,9.5115
FEZ,Fes Saïss International Airport,Saïss,Morocco,Africa,33.9273,-4.9780
FIH,Ndjili International Airport,Kinshasa,Democratic Republic of the Congo,Africa,-4.3857,15.4446
FJR,Fujairah International Airport,Fujairah,United Arab Emirates,Asia,25.1084,56.3281
FKB,Karlsruhe Baden-Baden Airport,Rheinmünster,Germany,Europe,48.7794,8.0805
FKI,Bangoka International Airport,Kisangani,Democratic Republic of the Congo,Africa,0.4816,25.3380
FLL,Fort Lauderdale Hollywood International Airport,Fort Lauderdale,United States,North America,26.0726,-80.1527
FLN,Hercílio Luz International Airport,Florianópolis,Brazil,South America,-27.6703,-48.5525
FLR,"Florence Airport, Peretola",Firenze (FI),Italy,Europe,43.8086,11.2028
FMM,Memmingen Allgau Airport,Memmingen,Germany,Europe,47.9881,10.2382
FMO,Münster Osnabrück Airport,Greven,Germany,Europe,52.1338,7.6885
FNA,Lungi International Airport,Freetown (Lungi-Town),Sierra Leone,Africa,8.6164,-13.1955
FNC,Cristiano Ronaldo International Airport,Funchal,Portugal,Europe,32.6978,-16.7746
FNJ,Pyongyang Sunan International Airport,Pyongyang,North Korea,Asia,39.2241,125.6700
FOC,Fuzhou Changle International Airport,Fuzhou (Changle),China,Asia,25.9293,119.6725
FOR,Pinto Martins International Airport,Fortaleza,Brazil,South America,-3.7758,-38.5322
FPO,Grand Bahama International Airport,Freeport,Bahamas,North America,26.5580,-78.6956
FRA,Frankfurt Main Airport,Frankfurt am Main,Germany,Europe,50.0267,8.5584
FRW,Phillip Gaonwe Matante International Airport,Francistown,Botswana,Africa,-21.1592,27.4688
FSC,Figari Sud-Corse Airport,Figari,France,Europe,41.5018,9.0971
FSZ,Mount Fuji Shizuoka Airport,Makinohara / Shimada,Japan,Asia,34.7950,138.1910
FTE,El Calafate - Commander Armando Tola International Airport,El Calafate,Argentina,South America,-50.2820,-72.0539
FUE,Fuerteventura Airport,El Matorral,Spain,Europe,28.4527,-13.8638
FUK,Fukuoka Airport,Fukuoka,Japan,Asia,33.5859,130.4510
GAN,Gan International Airport,Gan,Maldives,Asia,-0.6930,73.1526
GAU,Lokpriya Gopinath Bordoloi International Airport,Guwahati,India,Asia,26.1067,91.5852
GBE,Sir Seretse Khama International Airport,Gaborone,Botswana,Africa,-24.5552,25.9182
GCM,Owen Roberts International Airport,George Town,Cayman Islands,North America,19.2928,-81.3577
GDL,Guadalajara International Airport,Guadalajara,Mexico,North America,20.5233,-103.3101
GDN,Gdańsk Lech Wałęsa Airport,Gdańsk,Poland,Europe,54.3776,18.4662
GEG,Spokane International Airport,Spokane,United States,North America,47.6199,-117.5340
GEO,Cheddi Jagan International Airport,Georgetown,Guyana,South America,6.4985,-58.2541
GES,General Santos International Airport,General Santos,Philippines,Asia,6.0572,125.0962
GHV,Brașov-Ghimbav International Airport,Brașov (Ghimbav),Romania,Europe,45.7056,25.5229
GIB,Gibraltar Airport,Gibraltar,Gibraltar,Europe,36.1517,-5.3498
GIG,Rio Galeão – Tom Jobim International Airport,Rio De Janeiro,Brazil,South America,-22.8100,-43.2506
GJL,Jijel Ferhat Abbas Airport,Tahir,Algeria,Africa,36.7941,5.8737
GLA,Glasgow Airport,Glasgow,United Kingdom,Europe,55.8719,-4.4331
GMP,Gimpo International Airport,Seoul,South Korea,Asia,37.5583,126.7910
GND,Maurice Bishop International Airport,Saint George's,Grenada,North America,12.0040,-61.7853
GNJ,Ganja International Airport,Ganja,Azerbaijan,Asia,40.7387,46.3204
GNY,Şanlıurfa GAP Airport,Şanlıurfa,Turkey,Asia,37.4457,38.8956
GOA,Genoa Cristoforo Colombo Airport,Genova (GE),Italy,Europe,44.4120,8.8407
GOH,Nuuk International Airport,Nuuk,Greenland,North America,64.1911,-51.6791
GOI,Goa Dabolim International Airport,Vasco da Gama,India,Asia,15.3801,73.8333
GOJ,Nizhny Novgorod / Strigino International Airport,Nizhny Novgorod,Russia,Europe,56.2274,43.7852
GOM,Goma International Airport,Goma,Democratic Republic of the Congo,Africa,-1.6668,29.2380
GOT,Göteborg Landvetter Airport,Göteborg,Sweden,Europe,57.6628,12.2798
GOU,Garoua International Airport,Garoua,Cameroon,Africa,9.3348,13.3721
GOX,Manohar International Airport,Mopa,India,Asia,15.7443,73.8606
GRJ,George Airport,George,South Africa,Africa,-34.0056,22.3789
GRO,Girona-Costa Brava Airport,Girona,Spain,Europe,41.9046,2.7618
GRQ,Groningen Airport Eelde,Groningen,Netherlands,Europe,53.1191,6.5777
GRR,Gerald R. Ford International Airport,Grand Rapids,United States,North America,42.8808,-85.5228
GRU,São Paulo/Guarulhos–Governor André Franco Montoro International Airport,São Paulo,Brazil,South America,-23.4313,-46.4700
GRV,Akhmat Kadyrov Grozny International Airport,Grozny,Russia,Europe,43.3881,45.6998
GRZ,Graz Airport,Feldkirchen bei Graz,Austria,Europe,46.9911,15.4396
GSM,Qeshm International Airport,Qeshm(Dayrestan),Iran,Asia,26.7546,55.9024
GSO,Piedmont Triad International Airport,Greensboro,United States,North America,36.0994,-79.9373
GSV,Gagarin International Airport,Saratov,Russia,Europe,51.7128,46.1711
GUA,La Aurora International Airport,Guatemala City,Guatemala,North America,14.5829,-90.5275
GUM,Antonio B. Won Pat International Airport,Hagåtña,Guam,Oceania,13.4850,144.7973
GUW,Atyrau International Airport,Atyrau,Kazakhstan,Asia,47.1213,51.8203
GVA,Geneva International Airport,Geneva,Switzerland,Europe,46.2381,6.1090
GWD,New Gwadar International Airport,Gurandani,Pakistan,Asia,25.2967,62.4988
GXF,Seiyun Hadhramaut International Airport,Seiyun,Yemen,Asia,15.9659,48.7881
GYD,Heydar Aliyev International Airport,Baku,Azerbaijan,Asia,40.4728,50.0509
GYE,José Joaquín de Olmedo International Airport,Guayaquil,Ecuador,South America,-2.1574,-79.8836
GYN,Santa Genoveva International Airport,Goiânia,Brazil,South America,-16.6320,-49.2207
GZT,Gaziantep Oğuzeli International Airport,Gaziantep,Turkey,Asia,36.9472,37.4787
HAH,Prince Said Ibrahim International Airport,Moroni,Comoros,Africa,-11.5337,43.2719
HAJ,Hannover Airport,Hannover,Germany,Europe,52.4611,9.6851
HAK,Haikou Meilan International Airport,Haikou (Meilan),China,Asia,19.9349,110.4590
HAM,Hamburg Helmut Schmidt Airport,Hamburg,Germany,Europe,53.6304,9.9882
HAN,Noi Bai International Airport,Hanoi (Soc Son),Vietnam,Asia,21.2212,105.8070
HAQ,Hanimaadhoo International Airport,Haa Dhaalu Atoll,Maldives,Asia,6.7432,73.1671
HAS,Hail International Airport,Hail,Saudi Arabia,Asia,27.4379,41.6863
HAV,José Martí International Airport,Havana,Cuba,North America,22.9892,-82.4091
HBA,Hobart International Airport,Hobart (Cambridge),Australia,Oceania,-42.8370,147.5130
HBE,Alexandria International Airport,Alexandria,Egypt,Africa,30.9325,29.6964
HDY,Hat Yai International Airport,Hat Yai,Thailand,Asia,6.9332,100.3930
HEA,Herat - Khwaja Abdullah Ansari International Airport,Guzara,Afghanistan,Asia,34.2100,62.2283
HEL,Helsinki Vantaa Airport,Helsinki (Vantaa),Finland,Europe,60.3184,24.9633
HER,Heraklion International Nikos Kazantzakis Airport,Heraklion,Greece,Europe,35.3397,25.1803
HET,Hohhot Baita International Airport,Hohhot,China,Asia,40.8497,111.8246
HFE,Hefei Xinqiao International Airport,Hefei,China,Asia,31.9878,116.9769
HGA,Egal International Airport,Hargeisa,Somalia,Africa,9.5141,44.0835
HGH,Hangzhou Xiaoshan International Airport,Hangzhou,China,Asia,30.2361,120.4289
HHN,Frankfurt-Hahn Airport,Frankfurt am Main (Lautzenhausen),Germany,Europe,49.9464,7.2617
HIA,Huai'an Lianshui Airport,Huai'an,China,Asia,33.7927,119.1267
HIJ,Hiroshima Airport,Hiroshima,Japan,Asia,34.4361,132.9190
HIR,Honiara International Airport,Honiara,Solomon Islands,Oceania,-9.4280,160.0550
HKD,Hakodate Airport,Hakodate,Japan,Asia,41.7700,140.8220
HKG,Hong Kong International Airport,Hong Kong,Hong Kong,Asia,22.3118,113.9149
HKT,Phuket International Airport,Phuket,Thailand,Asia,8.1133,98.3174
HLA,Lanseria International Airport,Johannesburg,South Africa,Africa,-25.9390,27.9266
HLD,Hulunbuir Hailar Airport,Hailar,China,Asia,49.2086,119.8223
HLP,Halim Perdanakusuma International Airport,Jakarta,Indonesia,Asia,-6.2670,106.8903
HMB,Sohag International Airport,Suhaj,Egypt,Africa,26.3425,31.7430
HMO,General Ignacio L. Pesqueira International Airport,Hermosillo,Mexico,North America,29.0928,-111.0530
HND,Tokyo Haneda International Airport,Tokyo,Japan,Asia,35.5497,139.7870
HNL,Daniel K. Inouye International Airport,"Honolulu, Oahu",United States,North America,21.3184,-157.9257
HOF,Al-Ahsa International Airport,Hofuf,Saudi Arabia,Asia,25.2853,49.4852
HOG,Frank Pais International Airport,Holguin,Cuba,North America,20.7851,-76.3155
HOU,William P. Hobby Airport,Houston,United States,North America,29.6453,-95.2768
HPH,Cat Bi International Airport,Haiphong (Hai An),Vietnam,Asia,20.8174,106.7243
HRB,Harbin Taiping International Airport,Harbin,China,Asia,45.6234,126.2500
HRE,Robert Gabriel Mugabe International Airport,Harare,Zimbabwe,Africa,-17.9318,31.0928
HRG,Hurghada International Airport,Hurghada,Egypt,Africa,27.1768,33.7967
HRI,Mattala Rajapaksa International Airport,Mattala,Sri Lanka,Asia,6.2839,81.1242
HSA,Hazrat Sultan International Airport,Turkıstan,Kazakhstan,Asia,43.3111,68.5504
HSG,Kyushu Saga International Airport,Saga,Japan,Asia,33.1497,130.3020
HSN,Zhoushan Putuoshan International Airport,Zhoushan,China,Asia,29.9339,122.3623
HSR,Rajkot International Airport,Rajkot,India,Asia,22.3788,71.0394
HSS,Maharaja Agrasen International Airport,Hisar,India,Asia,29.1861,75.7414
HTA,Chita-Kadala International Airport,Chita,Russia,Europe,52.0248,113.3058
HUN,Hualien Chiashan Airport,Hualien City,Taiwan,Asia,24.0232,121.6180
HUX,Bahías de Huatulco International Airport,Huatulco,Mexico,North America,15.7754,-96.2605
HWR,Halwara International Airport,Halwara,India,Asia,30.7485,75.6298
HYD,Rajiv Gandhi International Airport,Hyderabad,India,Asia,17.2313,78.4299
IAD,Washington Dulles International Airport,Dulles,United States,North America,38.9445,-77.4558
IAH,George Bush Intercontinental Airport,Houston,United States,North America,29.9844,-95.3414
IAR,Golden Ring Yaroslavl International Airport,Tunoshna,Russia,Europe,57.5607,40.1574
IAS,Iaşi International Airport,Iaşi,Romania,Europe,47.1796,27.6214
IBR,Ibaraki Airport,Omitama,Japan,Asia,36.1815,140.4144
IBZ,Ibiza Airport,Ibiza (Eivissa),Spain,Europe,38.8729,1.3731
ICN,Incheon International Airport,Seoul,South Korea,Asia,37.4691,126.4510
IDR,Devi Ahilya Bai Holkar International Airport,Indore,India,Asia,22.7214,75.8005
IFN,Isfahan Shahid Beheshti International Airport,Isfahan,Iran,Asia,32.7551,51.8839
IGU,Cataratas International Airport,Foz do Iguaçu,Brazil,South America,-25.5942,-54.4894
IKA,Imam Khomeini International Airport,Tehran,Iran,Asia,35.4161,51.1522
IKT,Irkutsk International Airport,Irkutsk,Russia,Europe,52.2667,104.3956
IKU,Issyk-Kul International Airport,Tamchy,Kyrgyzstan,Asia,42.5856,76.7012
ILO,Iloilo International Airport,Cabatuan,Philippines,Asia,10.8330,122.4934
ILR,General Tunde Idiagbon International Airport,Ilorin/Ogbomosho,Nigeria,Africa,8.4402,4.4939
IMF,Bir Tikendrajit International Airport,Imphal,India,Asia,24.7600,93.8967
INC,Yinchuan Hedong International Airport,Yinchuan,China,Asia,38.3228,106.3932
IND,Indianapolis International Airport,Indianapolis,United States,North America,39.7173,-86.2944
INI,Niš Constantine the Great Airport,Niš,Serbia,Europe,43.3365,21.8562
INN,Innsbruck Airport,Innsbruck,Austria,Europe,47.2602,11.3440
IOM,Isle of Man Airport,Castletown,Isle of Man,Europe,54.0831,-4.6239
IPC,Mataveri International Airport,Isla De Pascua,Chile,South America,-27.1654,-109.4210
IPH,Sultan Azlan Shah Airport,Ipoh,Malaysia,Asia,4.5673,101.0916
IQQ,Diego Aracena International Airport,Iquique,Chile,South America,-20.5363,-70.1814
IQT,Coronel FAP Francisco Secada Vignetta International Airport,Iquitos,Peru,South America,-3.7847,-73.3088
ISB,Islamabad International Airport,Attock,Pakistan,Asia,33.5490,72.8257
ISK,Nashik International Airport,Nashik,India,Asia,20.1191,73.9129
ISL,İstanbul Atatürk Airport,Istanbul(Bakırköy),Turkey,Asia,40.9719,28.8237
IST,İstanbul Airport,Istanbul,Turkey,Asia,41.2749,28.7321
ITM,Osaka Itami International Airport,Osaka,Japan,Asia,34.7809,135.4408
IVL,Ivalo Airport,Ivalo,Finland,Europe,68.6073,27.4053
IXB,Bagdogra Airport,Siliguri,India,Asia,26.6812,88.3286
IXC,Shaheed Bhagat Singh International Airport,Chandigarh,India,Asia,30.6735,76.7885
IXE,Mangaluru International Airport,Mangaluru,India,Asia,12.9547,74.8868
IXZ,Veer Savarkar International Airport / INS Utkrosh,Port Blair,India,Asia,11.6402,92.7290
JAF,Jaffna International Airport,Jaffna,Sri Lanka,Asia,9.7923,80.0701
JAI,Jaipur International Airport,Jaipur,India,Asia,26.8242,75.8122
JAX,Jacksonville International Airport,Jacksonville,United States,North America,30.4925,-81.6878
JCL,České Budějovice South Bohemian Airport,České Budějovice,Czech Republic,Europe,48.9482,14.4283
JED,King Abdulaziz International Airport,Jeddah,Saudi Arabia,Asia,21.6802,39.1574
JFK,John F. Kennedy International Airport,New York,United States,North America,40.6394,-73.7793
JGN,Jiayuguan International Airport,Jiayuguan,China,Asia,39.8591,98.3393
JHB,Senai International Airport,Johor Bahru,Malaysia,Asia,1.6413,103.6700
JHG,Xishuangbanna Gasa International Airport,Jinghong (Gasa),China,Asia,21.9746,100.7622
JIB,Djibouti-Ambouli Airport,Djibouti City,Djibouti,Africa,11.5473,43.1595
JIJ,Gerad Wilwal International Airport,Jijiga,Ethiopia,Africa,9.3319,42.9118
JJN,Quanzhou Jinjiang International Airport,Quanzhou,China,Asia,24.7959,118.5886
JNB,O.R. Tambo International Airport,Johannesburg,South Africa,Africa,-26.1401,28.2468
JPA,Presidente Castro Pinto International Airport,João Pessoa,Brazil,South America,-7.1487,-34.9506
JRO,Kilimanjaro International Airport,Arusha,Tanzania,Africa,-3.4270,37.0735
JTR,Santorini International Airport,Santorini Island,Greece,Europe,36.4000,25.4786
JUB,Juba International Airport,Juba,South Sudan,Africa,4.8720,31.6011
JUJ,Gobernador Horacio Guzman International Airport,San Salvador de Jujuy,Argentina,South America,-24.3928,-65.0978
JUL,Inca Manco Capac International Airport,Juliaca,Peru,South America,-15.4677,-70.1565
KAD,Kaduna International Airport,Kaduna,Nigeria,Africa,10.6960,7.3201
KAN,Mallam Aminu Kano International Airport,Kano,Nigeria,Africa,12.0456,8.5236
KBL,Kabul International Airport,Kabul,Afghanistan,Asia,34.5659,69.2123
KBV,Krabi International Airport,Krabi,Thailand,Asia,8.0956,98.9890
KCH,Kuching International Airport,Kuching,Malaysia,Asia,1.4874,110.3529
KCZ,Kochi Ryoma Airport,Nankoku,Japan,Asia,33.5452,133.6702
KDH,Ahmad Shah Baba International Airport,Kandahar,Afghanistan,Asia,31.5058,65.8480
KDU,Skardu International Airport,Skardu,Pakistan,Asia,35.3387,75.5386
KEF,Keflavik International Airport,Reykjavík,Iceland,Europe,63.9850,-22.6056
KEJ,Alexei Leonov Kemerovo International Airport,Kemerovo,Russia,Europe,55.2701,86.1072
KER,Ayatollah Hashemi Rafsanjani International Airport,Kerman,Iran,Asia,30.2713,56.9497
KGD,Khrabrovo Airport,Kaliningrad,Russia,Europe,54.8916,20.5986
KGF,Sary-Arka Airport,Karaganda,Kazakhstan,Asia,49.6708,73.3344
KGL,Kigali International Airport,Kigali,Rwanda,Africa,-1.9686,30.1395
KGS,"Kos International Airport ""Ippokratis""",Kos Island,Greece,Europe,36.7945,27.0911
KHG,Kashgar Laining International Airport,Kashgar,China,Asia,39.5423,76.0202
KHH,Kaohsiung International Airport,Kaohsiung (Xiaogang),Taiwan,Asia,22.5771,120.3500
KHI,Jinnah International Airport,Karachi,Pakistan,Asia,24.9065,67.1608
KHN,Nanchang Changbei International Airport,Nanchang,China,Asia,28.8648,115.9027
KIH,Kish International Airport,Kish Island,Iran,Asia,26.5254,53.9805
KIJ,Niigata Airport,Niigata,Japan,Asia,37.9542,139.1122
KIK,Kirkuk International Airport,Kirkuk,Iraq,Asia,35.4695,44.3489
KIM,Kimberley Airport,Kimberley,South Africa,Africa,-28.8054,24.7649
KIN,Norman Manley International Airport,Kingston,Jamaica,North America,17.9357,-76.7875
KIS,Kisumu International Airport,Kisumu,Kenya,Africa,-0.0861,34.7289
KIX,Kansai International Airport,Osaka,Japan,Asia,34.4273,135.2440
KJA,Krasnoyarsk International Airport,Krasnoyarsk,Russia,Europe,56.1757,92.4858
KKJ,Kitakyushu Airport,Kitakyushu,Japan,Asia,33.8459,131.0350
KLO,Kalibo International Airport,Kalibo,Philippines,Asia,11.6794,122.3760
KLU,Klagenfurt Airport,Klagenfurt am Wörthersee,Austria,Europe,46.6425,14.3377
KLV,Karlovy Vary Airport,Karlovy Vary,Czech Republic,Europe,50.2030,12.9150
KMG,Kunming Changshui International Airport,Kunming,China,Asia,25.1103,102.9367
KMI,Miyazaki Airport,Miyazaki,Japan,Asia,31.8772,131.4490
KMJ,Kumamoto Airport,Kumamoto,Japan,Asia,32.8373,130.8550
KMQ,Komatsu Airport / JASDF Komatsu Air Base,Kanazawa,Japan,Asia,36.3934,136.4069
KMS,Prempeh I International Airport,Kumasi,Ghana,Africa,6.7146,-1.5908
KNO,Kualanamu International Airport,Beringin,Indonesia,Asia,3.6378,98.8706
KOA,Ellison Onizuka Kona International Airport at Keāhole,Kailua-Kona,United States,North America,19.7388,-156.0456
KOJ,Kagoshima Airport,Kagoshima,Japan,Asia,31.8034,130.7190
KOS,Sihanouk International Airport,Preah Sihanouk,Cambodia,Asia,10.5706,103.6321
KOV,Kokshetau International Airport,Kokshetau,Kazakhstan,Asia,53.3291,69.5946
KQT,Bokhtar International Airport,Bokhtar,Tajikistan,Asia,37.8663,68.8645
KRK,Kraków John Paul II International Airport,Balice,Poland,Europe,50.0777,19.7848
KRN,Kiruna Airport,Kiruna,Sweden,Europe,67.8220,20.3368
KRR,Krasnodar Pashkovsky International Airport,Krasnodar,Russia,Europe,45.0345,39.1742
KRS,Kristiansand Airport,Kristiansand(Kjevik),Norway,Europe,58.2042,8.0854
KRT,Khartoum International Airport,Khartoum,Sudan,Africa,15.5895,32.5532
KSA,Kosrae International Airport,Okat,Micronesia,Oceania,5.3570,162.9580
KSF,Kassel Airport,Calden,Germany,Europe,51.4184,9.3916
KSN,Kostanay International Airport,Kostanay,Kazakhstan,Asia,53.2069,63.5503
KTI,Techo International Airport,Phnom Penh (Boeng Khyang),Cambodia,Asia,11.3600,104.9213
KTM,Tribhuvan International Airport,Kathmandu,Nepal,Asia,27.6966,85.3591
KTT,Kittilä International Airport,Kittilä,Finland,Europe,67.7010,24.8468
KTW,Katowice Wojciech Korfanty International Airport,Katowice,Poland,Europe,50.4760,19.0807
KUF,Kurumoch International Airport,Samara,Russia,Europe,53.5049,50.1643
KUL,Kuala Lumpur International Airport,Sepang,Malaysia,Asia,2.7456,101.7100
KUN,Kaunas International Airport,Kaunas,Lithuania,Europe,54.9640,24.0858
KUO,Kuopio Airport,Kuopio / Siilinjärvi,Finland,Europe,63.0071,27.7978
KUT,David the Builder Kutaisi International Airport,Kopitnari,Georgia,Asia,42.1774,42.4854
KVA,Kavala Alexander the Great International Airport,Kavala,Greece,Europe,40.9133,24.6192
KWE,Guiyang Longdongbao International Airport,Guiyang (Nanming),China,Asia,26.5418,106.8040
KWI,Kuwait International Airport,Kuwait City,Kuwait,Asia,29.2245,47.9698
KWL,Guilin Liangjiang International Airport,Guilin (Lingui),China,Asia,25.2198,110.0396
KYA,Konya Airport,Konya,Turkey,Asia,37.9790,32.5619
KZN,Kazan International Airport,Kazan,Russia,Europe,55.6062,49.2787
KZO,Korkyt Ata International Airport,Kyzylorda,Kazakhstan,Asia,44.7069,65.5925
LAD,Quatro de Fevereiro International Airport,Luanda,Angola,Africa,-8.8584,13.2312
LAE,Nadzab Tomodachi International Airport,Lae,Papua New Guinea,Oceania,-6.5680,146.7265
LAO,Laoag International Airport,Laoag City,Philippines,Asia,18.1751,120.5310
LAQ,Al Abraq International Airport,Al Albraq,Libya,Africa,32.7890,21.9549
LAS,Harry Reid International Airport,Las Vegas,United States,North America,36.0834,-115.1518
LAX,Los Angeles International Airport,Los Angeles,United States,North America,33.9425,-118.4080
LBA,Leeds Bradford Airport,"Leeds, West Yorkshire",United Kingdom,Europe,53.8659,-1.6606
LBD,Khujand International Airport,Khujand,Tajikistan,Asia,40.2154,69.6947
LBG,Paris-Le Bourget International Airport,Paris,France,Europe,48.9623,2.4365
LBV,Libreville Leon M'ba International Airport,Libreville,Gabon,Africa,0.4590,9.4121
LCA,Larnaca International Airport,Larnaca,Cyprus,Asia,34.8751,33.6249
LCJ,Łódź Władysław Reymont Airport,Łódź,Poland,Europe,51.7219,19.3981
LED,Pulkovo Airport,St. Petersburg,Russia,Europe,59.8003,30.2625
LEJ,Leipzig/Halle Airport,Schkeuditz,Germany,Europe,51.4207,12.2327
LFW,Lomé–Tokoin International Airport,Lomé,Togo,Africa,6.1656,1.2545
LGA,LaGuardia Airport,New York,United States,North America,40.7772,-73.8726
LGB,Long Beach International Airport,Long Beach,United States,North America,33.8165,-118.1499
LGK,Langkawi International Airport,Langkawi,Malaysia,Asia,6.3297,99.7287
LGW,London Gatwick Airport,London,United Kingdom,Europe,51.1487,-0.1857
LHE,Allama Iqbal International Airport,Lahore,Pakistan,Asia,31.5216,74.4036
LHR,London Heathrow Airport,London,United Kingdom,Europe,51.4707,-0.4599
LHW,Lanzhou Zhongchuan International Airport,Lanzhou (Yongdeng),China,Asia,36.5152,103.6200
LIH,Lihue Airport,"Lihue, Kauai",United States,North America,21.9744,-159.3371
LIL,Lille Airport,Lesquin,France,Europe,50.5666,3.1024
LIM,Jorge Chávez International Airport,Lima,Peru,South America,-12.0219,-77.1143
LIN,Milano Linate Airport,Segrate (MI),Italy,Europe,45.4451,9.2767
LIR,Daniel Oduber Quirós International Airport,Liberia,Costa Rica,North America,10.5933,-85.5444
LIS,Lisbon Humberto Delgado Airport,Lisbon,Portugal,Europe,38.7813,-9.1359
LJG,Lijiang Sanyi International Airport,Lijiang,China,Asia,26.6775,100.2449
LJU,Ljubljana Jože Pučnik Airport,Zgornji Brnik,Slovenia,Europe,46.2237,14.4576
LKO,Chaudhary Charan Singh International Airport,Lucknow,India,Asia,26.7606,80.8893
LLA,Luleå Airport,Luleå,Sweden,Europe,65.5438,22.1220
LLW,Kamuzu International Airport,Lumbadzi,Malawi,Africa,-13.7894,33.7810
LNZ,Linz-Hörsching Airport,Linz,Austria,Europe,48.2354,14.1881
LOP,Lombok International Airport,"Mataram (Pujut, Lombok Tengah)",Indonesia,Asia,-8.7600,116.2782
LOS,Murtala Muhammed International Airport,Lagos,Nigeria,Africa,6.5774,3.3212
LPA,Gran Canaria Airport,Gran Canaria Island,Spain,Europe,27.9319,-15.3866
LPB,El Alto International Airport,La Paz / El Alto,Bolivia,South America,-16.5103,-68.1894
LPI,Linköping City Airport,Linköping,Sweden,Europe,58.4049,15.6845
LPL,Liverpool John Lennon Airport,Liverpool,United Kingdom,Europe,53.3349,-2.8496
LPP,Lappeenranta Airport,Lappeenranta,Finland,Europe,61.0446,28.1447
LPQ,Luang Phabang International Airport,Luang Phabang,Laos,Asia,19.9043,102.1672
LPX,Liepāja International Airport,Liepāja,Latvia,Europe,56.5175,21.0969
LRL,Niamtougou International Airport,Niamtougou,Togo,Africa,9.7667,1.0909
LRM,Casa De Campo International Airport,La Romana,Dominican Republic,North America,18.4522,-68.9111
LTH,Long Thanh International Airport (Under Construction),Ho Chi Minh City (Long Thanh),Vietnam,Asia,10.7728,107.0406
LTN,London Luton Airport,"Luton, Luton",United Kingdom,Europe,51.8747,-0.3683
LTO,Loreto International Airport,Loreto,Mexico,North America,25.9895,-111.3484
LUN,Kenneth Kaunda International Airport,Lusaka,Zambia,Africa,-15.3308,28.4527
LUX,Luxembourg-Findel International Airport,Luxembourg,Luxembourg,Europe,49.6268,6.2121
LUZ,Lublin Airport,Lublin,Poland,Europe,51.2402,22.7135
LVI,Harry Mwanga Nkumbula International Airport,Livingstone,Zambia,Africa,-17.8215,25.8196
LWN,Shirak International Airport,Gyumri,Armenia,Asia,40.7504,43.8593
LWO,Lviv International Airport,Lviv,Ukraine,Europe,49.8125,23.9561
LXA,Lhasa Gonggar International Airport,Shannan (Gonggar),China,Asia,29.2980,90.9120
LXR,Luxor International Airport,Luxor,Egypt,Africa,25.6710,32.7064
LYA,Luoyang Beijiao Airport,Luoyang (Laocheng),China,Asia,34.7411,112.3880
LYG,Lianyungang Huaguoshan International Airport,Lianyungang,China,Asia,34.4141,119.1790
LYP,Faisalabad International Airport,Faisalabad,Pakistan,Asia,31.3649,72.9953
LYS,Lyon Saint-Exupéry Airport,"Colombier-Saugnieu, Rhône",France,Europe,45.7260,5.0901
MAA,Chennai International Airport,Chennai,India,Asia,12.9900,80.1693
MAD,Adolfo Suárez Madrid–Barajas Airport,Madrid,Spain,Europe,40.4934,-3.5722
MAH,Menorca Airport,Mahón (Maó),Spain,Europe,39.8626,4.2187
MAJ,Marshall Islands International Airport,Majuro Atoll,Marshall Islands,Oceania,7.0651,171.2717
MAN,Manchester Airport,"Manchester, Greater Manchester",United Kingdom,Europe,53.3494,-2.2795
MAO,Eduardo Gomes International Airport,Manaus,Brazil,South America,-3.0386,-60.0497
MAR,La Chinita International Airport,Maracaibo,Venezuela,South America,10.5575,-71.7293
MBA,Moi International Airport,Mombasa,Kenya,Africa,-4.0348,39.5942
MBJ,Sangster International Airport,Montego Bay,Jamaica,North America,18.5034,-77.9132
MCI,Kansas City International Airport,Kansas City,United States,North America,39.3017,-94.7139
MCO,Orlando International Airport,Orlando,United States,North America,28.4294,-81.3090
MCT,Muscat International Airport,Muscat/Seeb,Oman,Asia,23.6002,58.2853
MCX,Makhachkala Uytash International Airport,Makhachkala,Russia,Europe,42.8168,47.6523
MCY,Sunshine Coast Airport,Maroochydore,Australia,Oceania,-26.5933,153.0832
MCZ,Zumbi dos Palmares International Airport,Maceió,Brazil,South America,-9.5126,-35.7918
MDC,Sam Ratulangi International Airport,Manado,Indonesia,Asia,1.5486,124.9262
MDE,Jose Maria Córdova International Airport,Medellín,Colombia,South America,6.1645,-75.4231
MDL,Mandalay International Airport,Mandalay,Myanmar,Asia,21.7022,95.9779
MDW,Chicago Midway International Airport,Chicago,United States,North America,41.7860,-87.7524
MDZ,Governor Francisco Gabrielli International Airport,Mendoza,Argentina,South America,-32.8317,-68.7929
MED,Prince Mohammad Bin Abdulaziz Airport,Medina,Saudi Arabia,Asia,24.5534,39.7051
MEL,Melbourne Airport,Melbourne,Australia,Oceania,-37.6707,144.8379
MEM,Memphis International Airport,Memphis,United States,North America,35.0438,-89.9763
MEX,Mexico City Benito Juárez International Airport,Mexico City,Mexico,North America,19.4358,-99.0703
MFM,Macau International Airport,Nossa Senhora do Carmo,Macau,Asia,22.1496,113.5920
MFU,Mfuwe International Airport,Mfuwe,Zambia,Africa,-13.2589,31.9366
MGA,Augusto C. Sandino (Managua) International Airport,Managua,Nicaragua,North America,12.1415,-86.1682
MGQ,Aden Adde International Airport,Mogadishu,Somalia,Africa,2.0144,45.3047
MHD,Mashhad International Airport,Mashhad,Iran,Asia,36.2348,59.6429
MHQ,Mariehamn Airport,Mariehamn,Finland,Europe,60.1222,19.8982
MIA,Miami International Airport,Miami,United States,North America,25.7960,-80.2898
MID,Manuel Crescencio Rejón International Airport,Mérida,Mexico,North America,20.9305,-89.6455
MIU,Maiduguri International Airport,Maiduguri,Nigeria,Africa,11.8542,13.0807
MJI,Mitiga International Airport,Tripoli,Libya,Africa,32.8918,13.2879
MJN,Amborovy Airport,Mahajanga,Madagascar,Africa,-15.6668,46.3512
MKE,General Mitchell International Airport,Milwaukee,United States,North America,42.9472,-87.8966
MLA,Malta International Airport,Valletta,Malta,Europe,35.8459,14.4915
MLE,Velana International Airport,Malé,Maldives,Asia,4.1918,73.5291
MLM,General Francisco J. Mujica International Airport,Morelia,Mexico,North America,19.8499,-101.0250
MMK,Emperor Nicholas II Murmansk Airport,Murmansk,Russia,Europe,68.7817,32.7508
MMX,Malmö Sturup Airport,Malmö,Sweden,Europe,55.5356,13.3763
MNI,John A. Osborne Airport,Gerald's Park,Montserrat,North America,16.7918,-62.1932
MNL,Ninoy Aquino International Airport,Manila (Pasay),Philippines,Asia,14.5086,121.0200
MPL,Montpellier-Méditerranée Airport,Montpellier/Méditerranée,France,Europe,43.5762,3.9630
MPM,Maputo Airport,Maputo,Mozambique,Africa,-25.9208,32.5726
MPN,Mount Pleasant Airport / RAF Mount Pleasant,Mount Pleasant,Falkland Islands,South America,-51.8226,-58.4458
MQF,Magnitogorsk International Airport,Magnitogorsk,Russia,Europe,53.3920,58.7552
MQP,Kruger Mpumalanga International Airport,Mbombela,South Africa,Africa,-25.3833,31.1053
MRS,Marseille Provence Airport,"Marignane, Bouches-du-Rhône",France,Europe,43.4381,5.2125
MRU,Sir Seewoosagur Ramgoolam International Airport,Plaine Magnien,Mauritius,Africa,-20.4302,57.6836
MRV,Mineralnye Vody Airport,Mineralnyye Vody,Russia,Europe,44.2251,43.0819
MSP,Minneapolis–Saint Paul International Airport / Wold–Chamberlain Field,Minneapolis,United States,North America,44.8801,-93.2217
MSQ,Minsk National Airport,Minsk,Belarus,Europe,53.8881,28.0400
MST,Maastricht Aachen Airport,Maastricht,Netherlands,Europe,50.9111,5.7694
MSU,Moshoeshoe I International Airport,Maseru(Mazenod),Lesotho,Africa,-29.4563,27.5545
MSY,Louis Armstrong New Orleans International Airport,New Orleans,United States,North America,29.9934,-90.2647
MTY,Monterrey International Airport,Monterrey,Mexico,North America,25.7785,-100.1070
MUB,Maun International Airport,Maun,Botswana,Africa,-19.9705,23.4314
MUC,Munich Airport,Munich,Germany,Europe,48.3538,11.7861
MUH,Mersa Matruh International Airport,Marsa Matruh,Egypt,Africa,31.3243,27.2223
MUX,Multan International Airport,Multan,Pakistan,Asia,30.2032,71.4191
MVB,M'Vengue El Hadj Omar Bongo Ondimba International Airport,Franceville,Gabon,Africa,-1.6562,13.4380
MVD,Carrasco General Cesáreo L. Berisso International Airport,Ciudad de la Costa,Uruguay,South America,-34.8356,-56.0265
MWX,Muan International Airport,Muan (Piseo-ri),South Korea,Asia,34.9914,126.3828
MWZ,Mwanza International Airport,Mwanza,Tanzania,Africa,-2.4466,32.9360
MXP,Milan Malpensa International Airport,Ferno (VA),Italy,Europe,45.6306,8.7281
MYJ,Matsuyama Airport,Matsuyama,Japan,Asia,33.8269,132.7001
MYR,Myrtle Beach International Airport,Myrtle Beach,United States,North America,33.6797,-78.9283
MZG,Penghu Magong Airport,Huxi,Taiwan,Asia,23.5687,119.6280
MZR,Mazar-i-Sharif International Airport,Mazar-i-Sharif,Afghanistan,Asia,36.7041,67.2105
MZT,General Rafael Buelna International Airport,Mazatlàn,Mexico,North America,23.1628,-106.2645
NAG,Dr. Babasaheb Ambedkar International Airport,Nagpur,India,Asia,21.0922,79.0472
NAJ,Nakhchivan International Airport,Nakhchivan,Azerbaijan,Asia,39.1888,45.4584
NAN,Nadi International Airport,Nadi,Fiji,Oceania,-17.7618,177.4378
NAP,Naples International Airport,Napoli,Italy,Europe,40.8860,14.2908
NAS,Lynden Pindling International Airport,Nassau,Bahamas,North America,25.0390,-77.4662
NAT,Rio Grande do Norte/São Gonçalo do Amarante–Governador Aluízio Alves International Airport,Natal,Brazil,South America,-5.7698,-35.3666
NAV,Nevşehir Kapadokya Airport,Nevşehir,Turkey,Asia,38.7719,34.5345
NBJ,Dr. Antonio Agostinho Neto International Airport,Luanda (Ícolo e Bengo),Angola,Africa,-9.0507,13.4991
NBO,Jomo Kenyatta International Airport,Nairobi,Kenya,Africa,-1.3189,36.9282
NCE,Nice-Côte d'Azur Airport,"Nice, Alpes-Maritimes",France,Europe,43.6584,7.2159
NCL,Newcastle International Airport,"Newcastle upon Tyne, Tyne and Wear",United Kingdom,Europe,55.0380,-1.6896
NCU,Nukus International Airport,Nukus,Uzbekistan,Asia,42.4884,59.6233
NDB,Nouadhibou International Airport,Nouadhibou,Mauritania,Africa,20.9324,-17.0302
NDG,Qiqihar Sanjiazi Airport,Qiqihar,China,Asia,47.2300,123.9142
NDJ,N'Djamena International Airport,N'Djamena,Chad,Africa,12.1337,15.0340
NDR,Nador Al Aaroui International Airport,Al Aaroui,Morocco,Africa,34.9888,-3.0282
NGB,Ningbo Lishe International Airport,Ningbo,China,Asia,29.8267,121.4620
NGO,Chubu Centrair International Airport,Tokoname,Japan,Asia,34.8584,136.8050
NGS,Nagasaki Airport,Nagasaki,Japan,Asia,32.9169,129.9140
NIM,Diori Hamani International Airport,Niamey,Niger,Africa,13.4815,2.1836
NJC,Nizhnevartovsk Airport,Nizhnevartovsk,Russia,Europe,60.9493,76.4836
NJF,Al Najaf International Airport,Najaf,Iraq,Asia,31.9911,44.4050
NKC,Nouakchott–Oumtounsy International Airport,Nouakchott,Mauritania,Africa,18.3100,-15.9697
NKG,Nanjing Lukou International Airport,Nanjing,China,Asia,31.7350,118.8659
NLA,Simon Mwansa Kapwepwe International Airport,Ndola,Zambia,Africa,-12.9651,28.5156
NLU,Felipe Ángeles International Airport,Mexico City,Mexico,North America,19.7438,-99.0151
NMA,Namangan International Airport,Namangan,Uzbekistan,Asia,40.9846,71.5578
NMF,Maafaru International Airport,Noonu Atoll,Maldives,Asia,5.8174,73.4684
NMI,Navi Mumbai International Airport,Navi Mumbai,India,Asia,18.9846,73.0653
NNG,Nanning Wuxu International Airport,Nanning (Jiangnan),China,Asia,22.5981,108.1819
NOC,Ireland West Airport Knock,Charlestown,Ireland,Europe,53.9104,-8.8170
NOS,Nosy Be International Airport,Nosy Be,Madagascar,Africa,-13.3121,48.3148
NOU,La Tontouta International Airport,Nouméa (La Tontouta),New Caledonia,Oceania,-22.0146,166.2130
NQN,Presidente Perón International Airport,Neuquén,Argentina,South America,-38.9490,-68.1557
NQZ,Nursultan Nazarbayev International Airport,Astana,Kazakhstan,Asia,51.0270,71.4671
NRN,Weeze (Niederrhein) Airport,Weeze,Germany,Europe,51.6014,6.1412
NRT,Narita International Airport,Narita,Japan,Asia,35.7686,140.3887
NSI,Yaoundé Nsimalen International Airport,Yaoundé,Cameroon,Africa,3.7226,11.5533
NSK,Alykel International Airport,Norilsk,Russia,Europe,69.3080,87.3259
NTL,Newcastle Airport,Williamtown,Australia,Oceania,-32.7961,151.8350
NUE,Nuremberg Airport,Nuremberg,Germany,Europe,49.4987,11.0781
NUM,Neom Bay Airport,Sharma,Saudi Arabia,Asia,27.9243,35.2936
NVT,Ministro Victor Konder International Airport,Navegantes,Brazil,South America,-26.8794,-48.6510
NYO,Stockholm Skavsta Airport,Nyköping,Sweden,Europe,58.7897,16.9115
NYT,Nay Pyi Taw International Airport,Naypyitaw,Myanmar,Asia,19.6235,96.2010
OAK,San Francisco Bay Oakland International Airport,Oakland,United States,North America,37.7201,-122.2212
OAX,Xoxocotlán International Airport,Oaxaca,Mexico,North America,16.9988,-96.7261
OCS,Corisco International Airport,Corisco Island,Equatorial Guinea,Africa,0.9109,9.3303
ODE,Odense Hans Christian Andersen Airport,Odense,Denmark,Europe,55.4753,10.3272
ODS,Odesa International Airport,Odesa,Ukraine,Europe,46.4272,30.6726
OEC,Oecusse Route of the Sandalwood International Airport,Oecussi-Ambeno,Timor-Leste,Asia,-9.1984,124.3379
OGG,Kahului International Airport,Kahului,United States,North America,20.8963,-156.4318
OHD,Ohrid St. Paul the Apostle Airport,Ohrid,North Macedonia,Europe,41.1800,20.7423
OHS,Suhar International Airport,Suhar,Oman,Asia,24.3860,56.6254
OKA,Naha International Airport,Naha,Japan,Asia,26.1924,127.6398
OKC,OKC Will Rogers World Airport,Oklahoma City,United States,North America,35.3934,-97.5982
OKJ,Okayama Momotaro Airport,Okayama,Japan,Asia,34.7569,133.8550
OLB,Olbia Costa Smeralda Airport,Olbia (SS),Italy,Europe,40.8990,9.5185
OMA,Eppley Airfield,Omaha,United States,North America,41.3032,-95.8941
OMO,Mostar International Airport,Mostar,Bosnia and Herzegovina,Europe,43.2825,17.8461
OMR,Oradea International Airport,Oradea,Romania,Europe,47.0253,21.9025
OMS,Omsk Central Airport,Omsk,Russia,Europe,54.9631,73.3124
ONT,Ontario International Airport,Ontario,United States,North America,34.0560,-117.6010
OOL,Gold Coast Airport,Gold Coast,Australia,Oceania,-28.1660,153.5066
OPO,Francisco de Sá Carneiro Airport,Porto,Portugal,Europe,41.2481,-8.6814
ORD,Chicago O'Hare International Airport,Chicago,United States,North America,41.9786,-87.9048
ORF,Norfolk International Airport,Norfolk,United States,North America,36.8953,-76.2010
ORK,Cork International Airport,Cork,Ireland,Europe,51.8413,-8.4911
ORN,Oran Es-Sénia (Ahmed Ben Bella) International Airport,Es-Sénia,Algeria,Africa,35.6206,-0.6225
ORU,Juan Mendoza International Airport,Oruro,Bolivia,South America,-17.9562,-67.0758
ORY,Paris-Orly Airport,"Paris (Orly, Val-de-Marne)",France,Europe,48.7295,2.3590
OSL,Oslo-Gardermoen International Airport,Oslo (Gardermoen),Norway,Europe,60.1939,11.1004
OSM,Mosul International Airport,Mosul,Iraq,Asia,36.3058,43.1474
OSR,Leoš Janáček Airport Ostrava,Mošnov,Czech Republic,Europe,49.6963,18.1111
OSS,Osh International Airport,Osh,Kyrgyzstan,Asia,40.6090,72.7933
OST,Ostend-Bruges International Airport,Oostende,Belgium,Europe,51.1998,2.8747
OTP,Bucharest Henri Coandă International Airport,Otopeni,Romania,Europe,44.5718,26.1033
OUA,Ouagadougou Thomas Sankara International Airport,Ouagadougou,Burkina Faso,Africa,12.3532,-1.5124
OUD,Oujda Angads Airport,Ahl Angad,Morocco,Africa,34.7896,-1.9260
OUL,Oulu Airport,Oulu / Oulunsalo,Finland,Europe,64.9301,25.3546
OVB,Novosibirsk Tolmachevo Airport,Novosibirsk,Russia,Europe,55.0198,82.6187
OVD,Asturias Airport,Ranón,Spain,Europe,43.5636,-6.0346
OXB,Osvaldo Vieira International Airport,Bissau,Guinea-Bissau,Africa,11.8943,-15.6536
OZG,Zagora Airport,Zagora,Morocco,Africa,30.2658,-5.8608
OZH,Zaporizhzhia International Airport,Zaporizhia,Ukraine,Europe,47.8670,35.3147
OZZ,Ouarzazate International Airport,Ouarzazate,Morocco,Africa,30.9391,-6.9094
PAD,Paderborn Lippstadt Airport,Büren,Germany,Europe,51.6125,8.6175
PAP,Toussaint Louverture International Airport,Port-au-Prince,Haiti,North America,18.5800,-72.2926
PBC,Hermanos Serdán International Airport,Puebla,Mexico,North America,19.1585,-98.3716
PBH,Paro International Airport,Paro,Bhutan,Asia,27.4032,89.4246
PBI,Palm Beach International Airport,West Palm Beach,United States,North America,26.6832,-80.0956
PBM,Johan Adolf Pengel International Airport,Paramaribo,Suriname,South America,5.4528,-55.1878
PCL,Cap FAP David Abenzur Rengifo International Airport,Pucallpa,Peru,South America,-8.3781,-74.5745
PDG,Minangkabau International Airport,Padang (Katapiang),Indonesia,Asia,-0.7860,100.2804
PDL,João Paulo II Airport,Ponta Delgada,Portugal,Europe,37.7412,-25.6979
PDV,Plovdiv International Airport,Plovdiv,Bulgaria,Europe,42.0678,24.8508
PDX,Portland International Airport,Portland,United States,North America,45.5887,-122.5980
PED,Pardubice Airport,Pardubice,Czech Republic,Europe,50.0150,15.7398
PEE,Perm International Airport,Perm,Russia,Europe,57.9145,56.0212
PEG,Perugia San Francesco d'Assisi – Umbria International Airport,Perugia (PG),Italy,Europe,43.0959,12.5132
PEK,Beijing Capital International Airport,Beijing,China,Asia,40.0773,116.5967
PEN,Penang International Airport,Penang,Malaysia,Asia,5.2963,100.2762
PER,Perth International Airport,Perth,Australia,Oceania,-31.9403,115.9670
PEV,Pécs-Pogány International Airport,Pécs,Hungary,Europe,45.9889,18.2420
PEW,Bacha Khan International Airport,Peshawar,Pakistan,Asia,33.9939,71.5146
PFO,Paphos International Airport,Paphos,Cyprus,Asia,34.7180,32.4857
PHC,Port Harcourt International Airport,Port Harcourt,Nigeria,Africa,5.0155,6.9496
PHE,Port Hedland International Airport,Port Hedland,Australia,Oceania,-20.3828,118.6298
PHH,Pokhara International Airport,Pokhara,Nepal,Asia,28.1838,84.0147
PHL,Philadelphia International Airport,Philadelphia,United States,North America,39.8719,-75.2411
PHX,Phoenix Sky Harbor International Airport,Phoenix,United States,North America,33.4353,-112.0059
PIE,St. Petersburg Clearwater International Airport,Pinellas Park,United States,North America,27.9102,-82.6874
PIK,Glasgow Prestwick Airport,"Prestwick, South Ayrshire",United Kingdom,Europe,55.5015,-4.5772
PIO,Captain Renán Elías Olivera International Airport,Pisco,Peru,South America,-13.7449,-76.2203
PIT,Pittsburgh International Airport,Pittsburgh,United States,North America,40.4915,-80.2329
PKC,Yelizovo Airport,Petropavlovsk-Kamchatsky,Russia,Europe,53.1687,158.4511
PKX,Beijing Daxing International Airport,Beijing,China,Asia,39.5013,116.4140
PKZ,Pakse International Airport,Pakse,Laos,Asia,15.1340,105.7799
PLQ,Palanga International Airport,Palanga,Lithuania,Europe,55.9732,21.0939
PLS,Providenciales International Airport,Providenciales,Turks and Caicos Islands,North America,21.7737,-72.2683
PLX,Semei International Airport,Semey,Kazakhstan,Asia,50.3513,80.2344
PLZ,Chief Dawid Stuurman International Airport,Gqeberha (Port Elizabeth),South Africa,Africa,-33.9897,25.6174
PMC,El Tepual International Airport,Puerto Montt,Chile,South America,-41.4431,-73.0941
PMI,Palma de Mallorca Airport,Palma de Mallorca,Spain,Europe,39.5517,2.7388
PMO,Falcone–Borsellino Airport,Palermo,Italy,Europe,38.1760,13.0910
PMV,Del Caribe Santiago Mariño International Airport,Isla Margarita,Venezuela,South America,10.9126,-63.9666
PNH,Phnom Penh International Airport,Phnom Penh (Pou Senchey),Cambodia,Asia,11.5472,104.8447
PNK,Supadio International Airport,Pontianak,Indonesia,Asia,-0.1523,109.4045
PNQ,Pune International Airport,Pune,India,Asia,18.5821,73.9197
PNR,Antonio Agostinho-Neto International Airport,Pointe Noire,Republic of the Congo,Africa,-4.8160,11.8866
PNS,Pensacola International Airport,Pensacola,United States,North America,30.4727,-87.1866
POA,Porto Alegre-Salgado Filho International Airport,Porto Alegre,Brazil,South America,-29.9940,-51.1675
POG,Port Gentil International Airport,Port Gentil,Gabon,Africa,-0.7117,8.7544
POM,Port Moresby Jacksons International Airport,Port Moresby,Papua New Guinea,Oceania,-9.4434,147.2200
POS,Piarco International Airport,Port of Spain,Trinidad and Tobago,North America,10.5953,-61.3376
POZ,Poznań-Ławica Airport,Poznań,Poland,Europe,52.4216,16.8234
PPG,Pago Pago International Airport,Pago Pago,American Samoa,Oceania,-14.3310,-170.7100
PPK,Petropavl International Airport,Petropavl,Kazakhstan,Asia,54.7756,69.1874
PPS,Puerto Princesa International Airport / PAF Antonio Bautista Air Base,Puerto Princesa,Philippines,Asia,9.7420,118.7591
PPT,Fa'a'ā International Airport,Papeete,French Polynesia,Oceania,-17.5535,-149.6069
PQC,Phú Quốc International Airport,Phu Quoc Island,Vietnam,Asia,10.1698,103.9935
PRG,Václav Havel Airport Prague,Prague,Czech Republic,Europe,50.1009,14.2599
PRN,Priština Adem Jashari International Airport,Prishtina,Kosovo,Europe,42.5728,21.0358
PSA,Pisa International Airport,Pisa (PI),Italy,Europe,43.6839,10.3927
PSD,Port Said International Airport,Port Said,Egypt,Africa,31.2793,32.2406
PSP,Palm Springs International Airport,Palm Springs,United States,North America,33.8297,-116.5070
PSR,Abruzzo Airport,Pescara,Italy,Europe,42.4311,14.1830
PTG,Polokwane International Airport,Polokwane,South Africa,Africa,-23.8453,29.4586
PTP,Maryse Condé International Airport,Pointe-à-Pitre,Guadeloupe,North America,16.2654,-61.5328
PTY,Tocumen International Airport,Tocumen,Panama,North America,9.0714,-79.3835
PUJ,Punta Cana International Airport,Punta Cana,Dominican Republic,North America,18.5671,-68.3646
PUQ,President Carlos Ibáñez International Airport,Punta Arenas,Chile,South America,-53.0026,-70.8546
PUS,Gimhae International Airport,Busan,South Korea,Asia,35.1795,128.9380
PUY,Pula Airport,Pula,Croatia,Europe,44.8935,13.9222
PVD,Rhode Island T. F. Green International Airport,Providence/Warwick,United States,North America,41.7250,-71.4257
PVG,Shanghai Pudong International Airport,Shanghai (Pudong),China,Asia,31.1434,121.8050
PVH,Governador Jorge Teixeira de Oliveira International Airport,Porto Velho,Brazil,South America,-8.7085,-63.9023
PVR,Puerto Vallarta International Airport,Puerto Vallarta,Mexico,North America,20.6799,-105.2544
PWM,Portland International Jetport,Portland,United States,North America,43.6462,-70.3093
PWQ,Pavlodar International Airport,Pavlodar,Kazakhstan,Asia,52.1950,77.0731
PYK,Payam International Airport,Karaj,Iran,Asia,35.7761,50.8267
PZO,General Manuel Carlos Piar International Airport,Guyana City,Venezuela,South America,8.2885,-62.7604
PZU,Port Sudan New International Airport,Port Sudan,Sudan,Africa,19.4346,37.2341
QRO,Querétaro Intercontinental Airport,Querétaro,Mexico,North America,20.6188,-100.1864
RAI,Nelson Mandela International Airport,Praia,Cape Verde,Africa,14.9411,-23.4847
RAK,Marrakesh Menara Airport,Marrakesh,Morocco,Africa,31.6048,-8.0358
RAR,Rarotonga International Airport,Avarua,Cook Islands,Oceania,-21.2027,-159.8060
RBA,Rabat-Salé Airport,Rabat,Morocco,Africa,34.0515,-6.7515
RBR,Rio Branco-Plácido de Castro International Airport,Rio Branco,Brazil,South America,-9.8690,-67.8940
RDU,Raleigh-Durham International Airport,Raleigh/Durham,United States,North America,35.8787,-78.7873
REC,Recife/Guararapes - Gilberto Freyre International Airport,Recife,Brazil,South America,-8.1275,-34.9230
RES,Resistencia International Airport,Resistencia,Argentina,South America,-27.4499,-59.0561
REU,Reus Airport,Reus,Spain,Europe,41.1475,1.1684
RGL,Piloto Civil Norberto Fernández International Airport,Rio Gallegos,Argentina,South America,-51.6088,-69.3089
RGN,Yangon International Airport,Yangon,Myanmar,Asia,16.9073,96.1332
RHO,"Rhodes International Airport ""Diagoras""",Rhodes,Greece,Europe,36.4054,28.0862
RIC,Richmond International Airport,Richmond,United States,North America,37.5052,-77.3197
RIX,Riga International Airport,Riga,Latvia,Europe,56.9208,23.9707
RIY,Riyan International Airport,Mukalla(Riyan),Yemen,Asia,14.6622,49.3753
RJK,Rijeka Airport,Rijeka(Omišalj),Croatia,Europe,45.2164,14.5709
RKT,Ras Al Khaimah International Airport,Ras Al Khaimah,United Arab Emirates,Asia,25.6135,55.9388
RKZ,Xigaze Peace Airport / Shigatse Air Base,Xigazê (Samzhubzê),China,Asia,29.3509,89.2992
RMF,Marsa Alam International Airport,Marsa Alam,Egypt,Africa,25.5555,34.5924
RMI,Federico Fellini International Airport,Rimini (RN),Italy,Europe,44.0200,12.6122
RML,Colombo Ratmalana International Airport,Colombo,Sri Lanka,Asia,6.8216,79.8859
RMO,Chişinău International Airport,Chişinău,Moldova,Europe,46.9277,28.9317
RMQ,Taichung International Airport / Ching Chuang Kang Air Base,Taichung (Qingshui),Taiwan,Asia,24.2647,120.6210
RMU,Region of Murcia International Airport,Corvera,Spain,Europe,37.8029,-1.1249
RNO,Reno Tahoe International Airport,Reno,United States,North America,39.4991,-119.7680
ROB,Roberts International Airport,Monrovia,Liberia,Africa,6.2338,-10.3623
ROC,Frederick Douglass Greater Rochester International Airport,Rochester,United States,North America,43.1189,-77.6724
ROP,Rota International Airport,Rota Island,Northern Mariana Islands,Oceania,14.1733,145.2411
ROR,Roman Tmetuchl International Airport,Babelthuap Island,Palau,Oceania,7.3670,134.5441
ROS,Rosario Islas Malvinas International Airport,Rosario,Argentina,South America,-32.9036,-60.7850
ROV,Platov International Airport,Rostov-on-Don,Russia,Europe,47.4939,39.9247
RSI,Red Sea International Airport,Hanak,Saudi Arabia,Asia,25.6280,37.0889
RSW,Southwest Florida International Airport,Fort Myers,United States,North America,26.5347,-81.7528
RTB,Juan Manuel Gálvez International Airport,Coxen Hole,Honduras,North America,16.3168,-86.5230
RTM,Rotterdam The Hague Airport,Rotterdam,Netherlands,Europe,51.9569,4.4372
RUH,King Khalid International Airport,Riyadh,Saudi Arabia,Asia,24.9576,46.6988
RUN,Roland Garros Airport,Sainte-Marie,Réunion,Africa,-20.8901,55.5189
RVN,Rovaniemi Airport,Rovaniemi,Finland,Europe,66.5633,25.8298
RZE,Rzeszów-Jasionka Airport,Jasionka,Poland,Europe,50.1098,22.0242
RZV,Rize–Artvin Airport,Rize,Turkey,Asia,41.1798,40.8488
SAG,Shirdi International Airport,Kakadi,India,Asia,19.6892,74.3737
SAH,Sanaa International Airport,Sanaa,Yemen,Asia,15.4763,44.2197
SAI,Siem Reap-Angkor International Airport,Siem Reap,Cambodia,Asia,13.3697,104.2238
SAL,El Salvador International Airport Saint Óscar Arnulfo Romero y Galdámez,San Salvador (San Luis Talpa),El Salvador,North America,13.4445,-89.0558
SAN,San Diego International Airport,San Diego,United States,North America,32.7336,-117.1900
SAP,Ramón Villeda Morales International Airport,San Pedro Sula,Honduras,North America,15.4526,-87.9236
SAT,San Antonio International Airport,San Antonio,United States,North America,29.5337,-98.4698
SAV,Savannah Hilton Head International Airport,Savannah,United States,North America,32.1266,-81.2000
SAW,Istanbul Sabiha Gökçen International Airport,"Pendik, Istanbul",Turkey,Asia,40.8986,29.3092
SBD,San Bernardino International Airport,San Bernardino,United States,North America,34.0967,-117.2366
SBZ,Sibiu International Airport,Sibiu,Romania,Europe,45.7858,24.0867
SCL,Comodoro Arturo Merino Benítez International Airport,Santiago,Chile,South America,-33.3930,-70.7858
SCO,Aktau International Airport,Aktau,Kazakhstan,Asia,43.8601,51.0909
SCQ,Santiago-Rosalía de Castro Airport,Santiago de Compostela,Spain,Europe,42.8963,-8.4151
SCR,Scandinavian Mountains Airport,Malung-Sälen,Sweden,Europe,61.1651,12.8335
SCU,Antonio Maceo International Airport,Santiago,Cuba,North America,19.9747,-75.8355
SCV,Suceava Ștefan cel Mare International Airport,Suceava,Romania,Europe,47.6875,26.3541
SDF,Louisville Muhammad Ali International Airport,Louisville,United States,North America,38.1706,-85.7351
SDJ,Sendai Airport,Natori,Japan,Asia,38.1397,140.9170
SDQ,Las Américas International Airport,Santo Domingo,Dominican Republic,North America,18.4297,-69.6689
SDU,Santos Dumont Airport,Rio de Janeiro,Brazil,South America,-22.9104,-43.1628
SEA,Seattle–Tacoma International Airport,Seattle,United States,North America,47.4479,-122.3103
SEZ,Seychelles International Airport,Victoria,Seychelles,Africa,-4.6743,55.5218
SFB,Orlando Sanford International Airport,Orlando,United States,North America,28.7743,-81.2346
SFO,San Francisco International Airport,San Francisco,United States,North America,37.6198,-122.3748
SFS,Subic Bay International Airport / Naval Air Station Cubi Point,Olongapo,Philippines,Asia,14.7948,120.2719
SGC,Surgut International Airport,Surgut,Russia,Europe,61.3405,73.4058
SGN,Tan Son Nhat International Airport,Ho Chi Minh City,Vietnam,Asia,10.8188,106.6520
SHA,Shanghai Hongqiao International Airport,Shanghai (Minhang),China,Asia,31.1981,121.3343
SHE,Shenyang Taoxian International Airport,Shenyang,China,Asia,41.6398,123.4837
SHJ,Sharjah International Airport,Sharjah,United Arab Emirates,Asia,25.3286,55.5172
SHO,King Mswati III International Airport,Mpaka,Eswatini,Africa,-26.3586,31.7169
SID,Amílcar Cabral International Airport,Espargos,Cape Verde,Africa,16.7414,-22.9494
SIN,Singapore Changi Airport,Singapore,Singapore,Asia,1.3502,103.9940
SIP,Simferopol International Airport,Simferopol,Ukraine,Europe,45.0522,33.9751
SJC,Norman Y. Mineta San Jose International Airport,San Jose,United States,North America,37.3625,-121.9292
SJD,Los Cabos International Airport,San José del Cabo,Mexico,North America,23.1519,-109.7207
SJJ,Sarajevo International Airport,Sarajevo,Bosnia and Herzegovina,Europe,43.8246,18.3315
SJO,Juan Santamaría International Airport,San José (Alajuela),Costa Rica,North America,9.9939,-84.2088
SJU,Luis Munoz Marin International Airport,San Juan,Puerto Rico,North America,18.4394,-66.0018
SJW,Shijiazhuang Zhengding International Airport,Shijiazhuang,China,Asia,38.2807,114.6970
SKB,Robert L. Bradshaw International Airport,Basseterre,Saint Kitts and Nevis,North America,17.3108,-62.7191
SKD,Samarkand International Airport,Samarkand,Uzbekistan,Asia,39.7018,66.9815
SKG,Thessaloniki Macedonia International Airport,Thessaloniki,Greece,Europe,40.5193,22.9700
SKO,Sadiq Abubakar III International Airport,Sokoto,Nigeria,Africa,12.9157,5.2075
SKP,Skopje International Airport,Ilinden,North Macedonia,Europe,41.9581,21.6226
SKT,Sialkot International Airport,Sialkot,Pakistan,Asia,32.5359,74.3646
SKX,Saransk International Airport,Saransk,Russia,Europe,54.1251,45.2123
SLA,Martín Miguel de Güemes International Airport,Salta,Argentina,South America,-24.8560,-65.4862
SLC,Salt Lake City International Airport,Salt Lake City,United States,North America,40.7889,-111.9799
SLL,Salalah International Airport,Salalah,Oman,Asia,17.0387,54.0913
SLZ,Marechal Cunha Machado International Airport,São Luís,Brazil,South America,-2.5864,-44.2350
SMF,Sacramento International Airport,Sacramento,United States,North America,38.6954,-121.5910
SNA,John Wayne Orange County International Airport,Santa Ana,United States,North America,33.6751,-117.8693
SNC,General Ulpiano Paez International Airport,Salinas/La Libertad,Ecuador,South America,-2.2101,-80.9851
SNN,Shannon Airport,Shannon,Ireland,Europe,52.7020,-8.9248
SNU,Abel Santamaria International Airport,Santa Clara,Cuba,North America,22.4922,-79.9431
SOC,Adisoemarmo International Airport,Surakarta,Indonesia,Asia,-7.5160,110.7575
SOF,Sofia Airport,Sofia,Bulgaria,Europe,42.6964,23.4177
SPU,Split Saint Jerome Airport,Split,Croatia,Europe,43.5389,16.2980
SPX,Sphinx International Airport,Al Jiza,Egypt,Africa,30.1082,30.8957
SRE,Alcantarí International Airport,Sucre,Bolivia,South America,-19.2468,-65.1496
SRG,Jenderal Ahmad Yani Airport,Semarang,Indonesia,Asia,-6.9707,110.3732
SRQ,Sarasota Bradenton International Airport,Sarasota/Bradenton,United States,North America,27.3946,-82.5544
SRX,Sirt International Airport / Ghardabiya Airbase,Sirt,Libya,Africa,31.0586,16.5971
SSA,Deputado Luiz Eduardo Magalhães International Airport,Salvador,Brazil,South America,-12.9086,-38.3225
SSG,Malabo International Airport,Malabo,Equatorial Guinea,Africa,3.7553,8.7087
SSH,Sharm El Sheikh International Airport,Sharm El Sheikh,Egypt,Africa,27.9773,34.3947
STI,Cibao International Airport,Santiago,Dominican Republic,North America,19.4041,-70.6044
STL,St. Louis Lambert International Airport,St Louis,United States,North America,38.7487,-90.3700
STN,London Stansted Airport,"London, Essex",United Kingdom,Europe,51.8850,0.2350
STR,Stuttgart Airport,Stuttgart,Germany,Europe,48.6899,9.2220
STT,Cyril E. King Airport,Charlotte Amalie,U.S. Virgin Islands,North America,18.3371,-64.9773
STV,Surat International Airport,Surat,India,Asia,21.1155,72.7433
SUB,Juanda International Airport,Surabaya,Indonesia,Asia,-7.3798,112.7870
SUF,Lamezia Terme Sant'Eufemia International Airport,Lamezia Terme (CZ),Italy,Europe,38.9062,16.2460
SUV,Nausori International Airport,Nausori,Fiji,Oceania,-18.0442,178.5615
SVD,Argyle International Airport,Kingstown,Saint Vincent and the Grenadines,North America,13.1597,-61.1488
SVG,"Stavanger Airport, Sola",Stavanger,Norway,Europe,58.8767,5.6378
SVO,Sheremetyevo International Airport,Moscow,Russia,Europe,55.9769,37.4112
SVQ,Seville Airport,Seville,Spain,Europe,37.4180,-5.8931
SVX,Koltsovo Airport,Yekaterinburg,Russia,Europe,56.7431,60.8027
SWA,Jieyang Chaoshan International Airport,Jieyang (Rongcheng),China,Asia,23.5520,116.5033
SXB,Strasbourg Airport,Strasbourg,France,Europe,48.5383,7.6282
SXM,Princess Juliana International Airport,Sint Maarten,Sint Maarten,North America,18.0410,-63.1089
SXR,Sheikh ul Alam International Airport,Srinagar,India,Asia,33.9871,74.7742
SYD,Sydney Kingsford Smith International Airport,Sydney (Mascot),Australia,Oceania,-33.9461,151.1770
SYR,Syracuse Hancock International Airport,Syracuse,United States,North America,43.1112,-76.1063
SYX,Sanya Phoenix International Airport,Sanya (Tianya),China,Asia,18.3029,109.4120
SYZ,Shiraz Shahid Dastghaib International Airport,Shiraz,Iran,Asia,29.5392,52.5898
SZB,Sultan Abdul Aziz Shah International Airport,Subang,Malaysia,Asia,3.1306,101.5490
SZG,Salzburg Airport,Salzburg,Austria,Europe,47.7933,13.0043
SZX,Shenzhen Bao'an International Airport,Shenzhen,China,Asia,22.6395,113.8033
SZZ,Solidarity Szczecin–Goleniów Airport,Szczecin(Glewice),Poland,Europe,53.5847,14.9022
TAB,A.N.R. Robinson International Airport,Scarborough,Trinidad and Tobago,North America,11.1496,-60.8313
TAE,Daegu International Airport,Daegu,South Korea,Asia,35.8944,128.6570
TAK,Takamatsu Airport,Takamatsu,Japan,Asia,34.2150,134.0155
TAO,Qingdao Jiaodong International Airport,Qingdao (Jiaozhou),China,Asia,36.3620,120.0882
TAS,Tashkent International Airport,Tashkent,Uzbekistan,Asia,41.2579,69.2812
TAZ,Dashoguz International Airport,Daşoguz,Turkmenistan,Asia,41.7599,59.8361
TBS,Tbilisi International Airport,Tbilisi,Georgia,Asia,41.6692,44.9547
TBU,Fua'amotu International Airport,Nuku'alofa,Tonga,Oceania,-21.2414,-175.1492
TBZ,Tabriz International Airport,Tabriz,Iran,Asia,38.1339,46.2350
TET,Tete Airport,Tete,Mozambique,Africa,-16.1048,33.6402
TFN,Tenerife Norte-Ciudad de La Laguna Airport,Tenerife,Spain,Europe,28.4828,-16.3417
TFS,Tenerife Sur Airport,Tenerife,Spain,Europe,28.0445,-16.5725
TFU,Chengdu Tianfu International Airport,Chengdu (Jianyang),China,Asia,30.3125,104.4413
TGD,Podgorica Airport / Podgorica Golubovci Airbase,Podgorica,Montenegro,Europe,42.3594,19.2519
THR,Mehrabad International Airport,Tehran,Iran,Asia,35.6892,51.3144
TIA,Tirana International Airport Mother Teresa,Rinas,Albania,Europe,41.4147,19.7206
TIF,Taif International Airport,Taif,Saudi Arabia,Asia,21.4847,40.5441
TIJ,General Abelardo L. Rodriguez International Airport,Tijuana,Mexico,North America,32.5410,-116.9700
TIR,Tirupati International Airport,Tirupati,India,Asia,13.6320,79.5399
TJM,Roshchino International Airport,Tyumen,Russia,Europe,57.1790,65.3277
TJU,Kulob International Airport,Kulob,Tajikistan,Asia,37.9881,69.8050
TKK,Chuuk International Airport,Weno Island,Micronesia,Oceania,7.4619,151.8430
TKS,Tokushima Awaodori Airport / JMSDF Tokushima Air Base,Tokushima,Japan,Asia,34.1326,134.6078
TKU,Turku Airport,Turku,Finland,Europe,60.5141,22.2628
TLC,Adolfo López Mateos International Airport,Toluca,Mexico,North America,19.3369,-99.5658
TLL,Lennart Meri Tallinn Airport,Tallinn,Estonia,Europe,59.4132,24.8326
TLM,Zenata – Messali El Hadj Airport,Zenata,Algeria,Africa,35.0127,-1.4571
TLS,Toulouse-Blagnac Airport,Toulouse/Blagnac,France,Europe,43.6291,1.3638
TLV,Ben Gurion International Airport,Tel Aviv,Israel,Asia,32.0114,34.8867
TML,Yakubu Tali International Airport,Tamale,Ghana,Africa,9.5539,-0.8661
TMM,Toamasina Ambalamanasy Airport,Toamasina,Madagascar,Africa,-18.1135,49.3923
TMP,Tampere-Pirkkala Airport,Tampere / Pirkkala,Finland,Europe,61.4141,23.6044
TMR,Aguenar – Hadj Bey Akhamok Airport,Tamanrasset,Algeria,Africa,22.8110,5.4508
TMS,São Tomé International Airport,São Tomé,São Tomé and Principe,Africa,0.3782,6.7122
TNA,Jinan Yaoqiang International Airport,Jinan (Licheng),China,Asia,36.8572,117.2160
TNG,Tangier Ibn Battuta Airport,Tangier,Morocco,Africa,35.7317,-5.9215
TNN,Tainan International Airport / Tainan Air Base,Tainan (Rende),Taiwan,Asia,22.9504,120.2060
TNR,Ivato International Airport,Antananarivo,Madagascar,Africa,-18.7969,47.4788
TOF,Tomsk Kamov Airport,Tomsk,Russia,Europe,56.3803,85.2083
TOM,Tombouktou Airport,Timbuktu,Mali,Africa,16.7305,-3.0076
TOS,Tromsø Airport,Tromsø,Norway,Europe,69.6833,18.9189
TPA,Tampa International Airport,Tampa,United States,North America,27.9755,-82.5332
TPE,Taiwan Taoyuan International Airport,Taoyuan,Taiwan,Asia,25.0777,121.2330
TQO,Felipe Carrillo Puerto International Airport Tulum,Tulum,Mexico,North America,20.1721,-87.6603
TRD,"Trondheim Airport, Værnes",Trondheim,Norway,Europe,63.4578,10.9240
TRF,"Sandefjord Airport, Torp",Sandefjord(Torp),Norway,Europe,59.1867,10.2586
TRN,Turin Airport,Caselle Torinese (TO),Italy,Europe,45.2008,7.6496
TRS,Trieste Airport,Ronchi dei Legionari/Trieste,Italy,Europe,45.8279,13.4667
TRU,Capitán FAP Carlos Martínez de Pinillos International Airport,Trujillo,Peru,South America,-8.0824,-79.1088
TRV,Thiruvananthapuram International Airport,Thiruvananthapuram,India,Asia,8.4819,76.9200
TRW,Bonriki International Airport,South Tarawa,Kiribati,Oceania,1.3816,173.1470
TRZ,Tiruchirappalli International Airport,Tiruchirappalli,India,Asia,10.7629,78.7177
TSA,Taipei Songshan International Airport,Taipei (Songshan),Taiwan,Asia,25.0672,121.5528
TSF,Treviso Airport,Treviso (TV),Italy,Europe,45.6484,12.1944
TSN,Tianjin Binhai International Airport,Tianjin,China,Asia,39.1244,117.3460
TSR,Timișoara Traian Vuia International Airport,Timişoara,Romania,Europe,45.8099,21.3379
TTU,Sania Ramel Airport,Tétouan,Morocco,Africa,35.5943,-5.3200
TUC,Teniente Benjamín Matienzo International Airport,San Miguel de Tucumán,Argentina,South America,-26.8374,-65.1042
TUK,Turbat International Airport,Turbat,Pakistan,Asia,25.9848,63.0289
TUL,Tulsa International Airport,Tulsa,United States,North America,36.1971,-95.8862
TUN,Tunis Carthage International Airport,Tunis,Tunisia,Africa,36.8510,10.2272
TUS,Tucson International Airport,Tucson,United States,North America,32.1150,-110.9381
TUU,Prince Sultan bin Abdulaziz International Airport,Tabuk,Saudi Arabia,Asia,28.3711,36.6249
TXN,Huangshan Tunxi International Airport,Huangshan,China,Asia,29.7333,118.2560
TYN,Taiyuan Wusu International Airport,Taiyuan,China,Asia,37.7469,112.6280
TYS,McGhee Tyson Airport,Knoxville/Maryville,United States,North America,35.8110,-83.9940
TZL,Tuzla International Airport,Dubrave Gornje,Bosnia and Herzegovina,Europe,44.4599,18.7236
UBN,Ulaanbaatar Chinggis Khaan International Airport,Ulaanbaatar (Sergelen),Mongolia,Asia,47.6469,106.8198
UDJ,Uzhhorod International Airport,Uzhhorod,Ukraine,Europe,48.6343,22.2634
UET,Quetta International Airport,Quetta,Pakistan,Asia,30.2514,66.9378
UFA,Ufa International Airport,Ufa,Russia,Europe,54.5575,55.8744
UGC,Urgench International Airport,Urgench,Uzbekistan,Asia,41.5827,60.6434
UIO,Mariscal Sucre International Airport,Quito,Ecuador,South America,-0.1254,-78.3543
UKB,Kobe Airport,Kobe,Japan,Asia,34.6328,135.2240
UKK,Oskemen International Airport,Ust-Kamenogorsk (Oskemen),Kazakhstan,Asia,50.0350,82.4961
ULH,Al-Ula International Airport,Al-Ula,Saudi Arabia,Asia,26.4836,38.1170
ULN,Buyant-Ukhaa International Airport,Ulaanbaatar,Mongolia,Asia,47.8431,106.7670
UME,Umeå Airport,Umeå,Sweden,Europe,63.7918,20.2828
UPG,Sultan Hasanuddin International Airport,Makassar,Indonesia,Asia,-5.0755,119.5537
URA,Manshuk Mametova International Airport,Uralsk,Kazakhstan,Asia,51.1520,51.5437
URC,Ürümqi Tianshan International Airport,Ürümqi,China,Asia,43.9136,87.4794
USM,Samui International Airport,Na Thon (Ko Samui Island),Thailand,Asia,9.5478,100.0620
UTH,Udon Thani International Airport,Udon Thani,Thailand,Asia,17.3862,102.7886
UTP,U-Tapao–Rayong–Pattaya International Airport,Rayong,Thailand,Asia,12.6799,101.0050
UUD,Baikal International Airport,Ulan Ude,Russia,Europe,51.8086,107.4397
UUS,Yuzhno-Sakhalinsk International Airport,Yuzhno-Sakhalinsk,Russia,Europe,46.8855,142.7175
UVF,Hewanorra International Airport,Vieux Fort,Saint Lucia,North America,13.7332,-60.9526
UYU,Joya Andina International Airport,Quijarro,Bolivia,South America,-20.4413,-66.8576
VAA,Vaasa Airport,Vaasa,Finland,Europe,63.0502,21.7625
VAR,Varna Airport,Varna,Bulgaria,Europe,43.2321,27.8251
VAV,Vava'u International Airport,Vava'u Island,Tonga,Oceania,-18.5853,-173.9620
VBY,Visby Airport,Visby,Sweden,Europe,57.6628,18.3462
VCA,Can Tho International Airport,Can Tho,Vietnam,Asia,10.0834,105.7094
VCE,Venice Marco Polo Airport,Venezia (VE),Italy,Europe,45.5053,12.3519
VCP,Viracopos International Airport,Campinas,Brazil,South America,-23.0074,-47.1345
VER,General Heriberto Jara International Airport,Veracruz,Mexico,North America,19.1396,-96.1886
VFA,Victoria Falls International Airport,Victoria Falls,Zimbabwe,Africa,-18.0974,25.8369
VGA,Vijayawada International Airport,Vijayawada,India,Asia,16.5300,80.8049
VIE,Vienna International Airport,Vienna,Austria,Europe,48.1103,16.5697
VIL,Dakhla Airport,Dakhla,Western Sahara (disputed territory),Africa,23.7183,-15.9320
VIX,Eurico de Aguiar Salles International Airport,Vitória,Brazil,South America,-20.2580,-40.2850
VKO,Vnukovo International Airport,Moscow,Russia,Europe,55.5915,37.2615
VLC,Valencia Airport,Valencia,Spain,Europe,39.4892,-0.4810
VLI,Bauerfield International Airport,Port Vila,Vanuatu,Oceania,-17.6993,168.3200
VLN,Arturo Michelena International Airport,Valencia,Venezuela,South America,10.1497,-67.9284
VNO,Vilnius International Airport,Vilnius,Lithuania,Europe,54.6341,25.2858
VNS,Lal Bahadur Shastri International Airport,Varanasi,India,Asia,25.4522,82.8625
VOG,Volgograd International Airport,Volgograd,Russia,Europe,48.7813,44.3392
VRA,Juan Gualberto Gomez International Airport,Matanzas,Cuba,North America,23.0344,-81.4353
VRN,Verona Villafranca Valerio Catullo Airport,Caselle (VR),Italy,Europe,45.3950,10.8873
VSA,Carlos Rovirosa Pérez International Airport,Villahermosa,Mexico,North America,17.9943,-92.8182
VST,Stockholm Västerås Airport,Stockholm / Västerås,Sweden,Europe,59.5894,16.6336
VTE,Wattay International Airport,Vientiane,Laos,Asia,17.9851,102.5667
VTZ,Visakhapatnam International Airport,Visakhapatnam,India,Asia,17.7235,83.2277
VVI,Viru Viru International Airport,Santa Cruz,Bolivia,South America,-17.6448,-63.1354
VVO,Vladivostok International Airport,Artyom,Russia,Europe,43.3963,132.1482
VXE,Cesaria Evora International Airport,São Pedro,Cape Verde,Africa,16.8334,-25.0553
WAW,Warsaw Chopin Airport,Warsaw,Poland,Europe,52.1657,20.9671
WDH,Hosea Kutako International Airport,Windhoek,Namibia,Africa,-22.4799,17.4709
WLG,Wellington International Airport,Wellington,New Zealand,Oceania,-41.3268,174.8069
WLS,Hihifo Airport,Wallis Island,Wallis and Futuna,Oceania,-13.2394,-176.1986
WMI,Warsaw Modlin Airport,Nowy Dwór Mazowiecki,Poland,Europe,52.4511,20.6518
WNZ,Wenzhou Longwan International Airport,Wenzhou (Longwan),China,Asia,27.9106,120.8535
WRO,Copernicus Wrocław Airport,Wrocław,Poland,Europe,51.1037,16.8821
WSI,[Duplicate] Western Sydney International Airport,Sydney,Australia,Oceania,-33.8881,150.7147
WTB,Toowoomba Wellcamp Airport,Toowoomba,Australia,Oceania,-27.5583,151.7933
WUH,Wuhan Tianhe International Airport,Wuhan (Huangpi),China,Asia,30.7748,114.2137
WUX,Sunan Shuofang International Airport,Wuxi,China,Asia,31.4970,120.4304
WVB,Walvis Bay International Airport,Walvis Bay(Rooikop),Namibia,Africa,-22.9793,14.6471
XBJ,Birjand International Airport,Birjand,Iran,Asia,32.8965,59.2813
XIY,Xi'an Xianyang International Airport,Xi'an,China,Asia,34.4422,108.7624
XMN,Xiamen Gaoqi International Airport,Xiamen,China,Asia,24.5439,118.1275
XNN,Xining Caojiabao International Airport,Haidong (Huzhu Tu Autonomous County),China,Asia,36.5277,102.0402
XPL,Palmerola International Airport,Palmerola,Honduras,North America,14.3824,-87.6212
YAP,Yap International Airport,Yap Island,Micronesia,Oceania,9.4989,138.0830
YCU,Yuncheng Yanhu International Airport,Yuncheng (Yanhu),China,Asia,35.1178,111.0340
YEG,Edmonton International Airport,Edmonton,Canada,North America,53.3097,-113.5800
YHZ,Halifax / Stanfield International Airport,Halifax,Canada,North America,44.8808,-63.5086
YIA,Yogyakarta International Airport,Yogyakarta,Indonesia,Asia,-7.9053,110.0573
YIW,Yiwu Airport,Yiwu/Jinhua,China,Asia,29.3421,120.0312
YKS,Platon Oyunsky Yakutsk International Airport,Yakutsk,Russia,Europe,62.0933,129.7710
YLW,Kelowna International Airport,Kelowna,Canada,North America,49.9561,-119.3780
YNB,Prince Abdulmohsen Bin Abdulaziz International Airport,Yanbu,Saudi Arabia,Asia,24.1442,38.0634
YNT,Yantai Penglai International Airport,Yantai,China,Asia,37.6597,120.9781
YNY,Yangyang International Airport,Gonghang-ro,South Korea,Asia,38.0605,128.6698
YNZ,Yancheng Nanyang International Airport,Yancheng (Tinghu),China,Asia,33.4283,120.2054
YOW,Ottawa Macdonald-Cartier International Airport,Ottawa,Canada,North America,45.3225,-75.6692
YQB,Quebec Jean Lesage International Airport,Quebec,Canada,North America,46.7911,-71.3933
YUL,Montreal / Pierre Elliott Trudeau International Airport,Montréal,Canada,North America,45.4678,-73.7423
YVR,Vancouver International Airport,Vancouver,Canada,North America,49.1939,-123.1840
YWG,Winnipeg / James Armstrong Richardson International Airport,Winnipeg,Canada,North America,49.9100,-97.2399
YXE,Saskatoon John G. Diefenbaker International Airport,Saskatoon,Canada,North America,52.1707,-106.7008
YYC,Calgary International Airport,Calgary,Canada,North America,51.1188,-114.0099
YYJ,Victoria International Airport,Victoria,Canada,North America,48.6472,-123.4278
YYT,St. John's International Airport,St. John's,Canada,North America,47.6186,-52.7519
YYZ,Toronto Pearson International Airport,Toronto,Canada,North America,43.6759,-79.6294
ZAD,Zadar Airport,Zadar,Croatia,Europe,44.0970,15.3536
ZAG,Zagreb Franjo Tuđman International Airport,Velika Gorica,Croatia,Europe,45.7429,16.0688
ZAH,Zahedan International Airport,Zahedan,Iran,Asia,29.4757,60.9062
ZAM,Zamboanga International Airport,Zamboanga,Philippines,Asia,6.9224,122.0600
ZAZ,Zaragoza Airport,Zaragoza,Spain,Europe,41.6662,-1.0415
ZCO,La Araucanía International Airport,Temuco,Chile,South America,-38.9259,-72.6515
ZHA,Zhanjiang Wuchuan International Airport,Zhanjiang,China,Asia,21.4817,110.5903
ZIA,Zhukovsky International Airport,Moscow,Russia,Europe,55.5533,38.1500
ZIH,Ixtapa-Zihuatanejo International Airport,Ixtapa,Mexico,North America,17.6018,-101.4606
ZNZ,Abeid Amani Karume International Airport,Zanzibar,Tanzania,Africa,-6.2220,39.2249
ZQN,Queenstown Airport,Queenstown,New Zealand,Oceania,-45.0192,168.7464
ZRH,Zürich Airport,Zurich,Switzerland,Europe,47.4581,8.5481
ZSA,San Salvador International Airport,San Salvador,Bahamas,North America,24.0630,-74.5232
ZSE,Saint-Pierre Pierrefonds Airport,Saint-Pierre,Réunion,Africa,-21.3194,55.4225
ZUH,Zhuhai Jinwan Airport,Zhuhai (Jinwan),China,Asia,22.0064,113.3760
ZYL,Osmany International Airport,Sylhet,Bangladesh,Asia,24.9631,91.8669
